timestamp,temperatura,umidade
2025-06-07T21:53:02.064224,27.51133029431692,48.68628317582674
2025-06-11T07:02:02.064224,32.53731922063032,64.89102668736365
2025-06-16T19:54:02.064224,39.09048478008178,75.26645588358507
2025-06-14T22:13:02.064224,35.1107931265763,64.83774495934084
2025-06-16T14:58:02.064224,31.383005361437327,91.12248316616694
2025-06-14T15:24:02.064224,29.576887728001545,72.58001230516194
2025-06-15T08:10:02.064224,34.25815860071968,77.63576761607793
2025-06-14T12:25:02.064224,31.70030451769633,70.7819388438909
2025-06-15T17:04:02.064224,34.84878723204438,81.30166481408031
2025-06-13T12:02:02.064224,32.489300608554906,71.59628827791458
2025-06-17T20:22:02.064224,35.633592474932264,83.95735299742664
2025-06-11T16:16:02.064224,30.71347213090924,44.44234385601631
2025-06-19T22:33:02.064224,34.18804202825507,70.64245960973369
2025-06-15T07:35:02.064224,36.22951524526216,89.42111838943802
2025-06-16T13:26:02.064224,35.375746180948866,92.29618547681068
2025-06-15T15:19:02.064224,38.14582942402005,85.5637139161086
2025-06-13T05:29:02.064224,28.4347985796442,48.45450597977599
2025-06-12T08:57:02.064224,36.88376655127677,60.71824452366849
2025-06-16T21:34:02.064224,37.39832707386497,67.35668177108532
2025-06-07T10:33:02.064224,25.41364389659785,44.86143771883063
2025-06-15T10:23:02.064224,33.713992111790894,78.96204161548398
2025-06-12T01:52:02.064224,26.74602369478116,63.42817395781415
2025-06-14T14:48:02.064224,29.43785167472768,63.50212443603547
2025-06-07T10:40:02.064224,25.058424068962804,51.12640368911752
2025-06-12T05:13:02.064224,28.824490617997284,69.46894296379487
2025-06-13T09:04:02.064224,31.405611870547546,46.77404729921959
2025-06-14T01:58:02.064224,28.68746342117429,68.68937814922126
2025-06-15T02:28:02.064224,33.44039985852735,73.21323689812198
2025-06-13T00:09:02.064224,30.10586917234049,67.37681148387568
2025-06-14T02:57:02.064224,31.06681344614105,58.92781837317503
2025-06-15T00:00:02.064224,31.52181182628644,65.0658837385117
2025-06-14T12:53:02.064224,31.779953227316607,65.65431286117773
2025-06-15T20:52:02.064224,36.38700943801029,86.14583494571312
2025-06-09T11:15:02.064224,26.154384843418164,49.673870952045874
2025-06-19T11:53:02.064224,40.32232673942108,89.86313783234937
2025-06-12T18:13:02.064224,36.55900155530827,49.69135211571303
2025-06-12T23:42:02.064224,36.31111621516608,59.83606423045491
2025-06-18T00:38:02.064224,33.64135229045383,75.77696498252683
2025-06-08T05:20:02.064224,28.841335413766867,69.8636480467273
2025-06-16T03:27:02.064224,37.639363837382334,60.666152296184826
2025-06-12T10:29:02.064224,31.07104753860688,63.22803193628194
2025-06-18T18:09:02.064224,39.34459502316373,97.87444042446629
2025-06-08T04:44:02.064224,23.167725033940236,60.388766881172735
2025-06-16T23:24:02.064224,35.89268280325422,77.6051678921544
2025-06-12T23:59:02.064224,31.17242868876869,78.50519412479342
2025-06-15T13:37:02.064224,35.79979837556731,78.09892557175027
2025-06-14T23:34:02.064224,33.8347801684133,61.165163417031934
2025-06-12T04:13:02.064224,37.32104245585398,63.52918464814694
2025-06-19T13:50:02.064224,42.70026015926571,78.48821820877085
2025-06-11T00:57:02.064224,32.36308525011028,58.08901215719363
2025-06-09T12:27:02.064224,23.73918979998875,62.88838793864747
2025-06-08T23:22:02.064224,20.04222830560534,64.00242938089897
2025-06-10T02:30:02.064224,19.47997905301889,64.45281471126161
2025-06-15T04:09:02.064224,34.086835676011454,61.35420390052221
2025-06-07T23:25:02.064224,26.14805666274028,43.97967511473297
2025-06-10T23:10:02.064224,31.550685629803223,68.05795096382269
2025-06-12T23:04:02.064224,34.908113640626944,64.57102595580747
2025-06-10T14:12:02.064224,21.853713015517304,63.083397406688064
2025-06-14T11:09:02.064224,33.803921415335346,69.32188504259456
2025-06-08T15:09:02.064224,28.9299528139139,61.25406166372641
2025-06-19T00:17:02.064224,37.72602870158258,89.70164020496051
2025-06-19T06:30:02.064224,39.64108616227054,82.38308365442532
2025-06-11T11:21:02.064224,27.437496037768145,57.83433647284996
2025-06-14T10:12:02.064224,28.587230388719316,73.1990852915724
2025-06-18T06:42:02.064224,33.37887157542052,64.38798630663757
2025-06-15T04:39:02.064224,32.860814005174056,86.57256669837706
2025-06-12T12:37:02.064224,30.54158617552329,53.22827206537618
2025-06-18T20:36:02.064224,36.70920077701594,83.4620561097676
2025-06-18T07:03:02.064224,40.3510030681102,72.09248808984744
2025-06-13T01:56:02.064224,34.463246066084594,77.14238802943514
2025-06-07T01:21:02.064224,28.930494085290377,54.94486780213968
2025-06-19T15:27:02.064224,41.18292218531053,74.27811391936363
2025-06-12T05:37:02.064224,29.78098490890482,81.22398655169366
2025-06-18T11:02:02.064224,38.73169686705569,81.13319231955253
2025-06-10T13:01:02.064224,30.158267239902354,50.41122334281363
2025-06-17T20:48:02.064224,34.75240396261604,90.70960886440362
2025-06-15T01:07:02.064224,30.409463268488548,73.65321136990947
2025-06-19T22:24:02.064224,35.28753663132734,75.45361179177873
2025-06-11T20:31:02.064224,35.45820321920176,46.595301711506025
2025-06-10T00:25:02.064224,26.705568020414,42.682481018248176
2025-06-10T15:29:02.064224,24.055811300800325,76.70515368168017
2025-06-19T04:00:02.064224,38.50545919218517,73.50449035438245
2025-06-16T07:00:02.064224,31.35750768495188,57.79580922619364
2025-06-07T16:19:02.064224,26.86744349792032,63.96351726042532
2025-06-12T09:48:02.064224,34.82502572441767,54.13417865249617
2025-06-07T08:13:02.064224,25.06836752640308,56.29948670734477
2025-06-11T19:55:02.064224,28.427453360399323,52.740581865439744
2025-06-07T19:04:02.064224,26.84249668477875,48.78821797375989
2025-06-13T07:38:02.064224,31.824191306777816,61.22161939282138
2025-06-08T22:51:02.064224,21.28352132541085,57.03767404217497
2025-06-18T19:28:02.064224,39.42086671206148,81.17890659664303
2025-06-18T09:59:02.064224,36.5796295965627,84.34563839765744
2025-06-07T04:46:02.064224,23.97703410616224,72.64220888106702
2025-06-15T17:40:02.064224,34.44569007851043,99.88142273933862
2025-06-10T05:57:02.064224,18.23329291719206,67.89228389240294
2025-06-14T16:16:02.064224,28.995649210430816,56.33049950581373
2025-06-14T13:07:02.064224,33.81084235055245,52.51397833835311
2025-06-14T11:15:02.064224,27.050536706223912,62.02354875074062
2025-06-18T12:34:02.064224,38.57566235156685,80.2125627778356
2025-06-16T22:25:02.064224,32.93280662578855,82.75804145146694
2025-06-09T22:01:02.064224,31.65739708136391,60.948026281235975
2025-06-15T12:57:02.064224,32.976991801967976,85.25020251094044
2025-06-11T20:05:02.064224,29.8258479665521,72.64067663281854
2025-06-16T04:27:02.064224,32.08730872566424,83.92463647983513
2025-06-16T17:18:02.064224,33.061577824829044,69.91163955236325
2025-06-07T10:50:02.064224,19.332130972449995,55.43553056634192
2025-06-14T05:36:02.064224,29.652242764725603,71.71358604444862
2025-06-19T08:30:02.064224,34.4160069665752,82.0035808423688
2025-06-09T13:26:02.064224,31.59242840706841,48.97029210841843
2025-06-19T14:33:02.064224,41.65037526947204,89.30303924564143
2025-06-14T00:20:02.064224,34.663342362748,62.38341168917658
2025-06-20T00:24:02.064224,39.57423425784207,87.95194743551671
2025-06-11T17:04:02.064224,31.85107038504392,75.81817764070364
2025-06-18T06:09:02.064224,40.244015113815394,84.2057218474665
2025-06-14T17:38:02.064224,30.45367990209774,70.46327670327024
2025-06-14T20:55:02.064224,34.16920995390684,60.7082733658999
2025-06-13T15:57:02.064224,34.1158315603893,51.78569118481636
2025-06-11T19:15:02.064224,34.05557004613781,79.75700475131733
2025-06-12T11:26:02.064224,33.31038317553088,73.57928119813425
2025-06-15T18:48:02.064224,31.973548819246574,72.6533485813931
2025-06-19T14:08:02.064224,38.79683848006107,92.27846510451384
2025-06-08T04:08:02.064224,25.276288152115683,44.48048912528752
2025-06-18T18:45:02.064224,40.92465678971958,80.15279949646708
2025-06-14T15:04:02.064224,28.31846045753166,68.29232996090307
2025-06-14T23:45:02.064224,34.53455215066155,82.16673686337988
2025-06-12T09:35:02.064224,28.665584582036644,77.2045082141257
2025-06-14T20:43:02.064224,33.89448782273574,76.54889640596849
2025-06-14T12:07:02.064224,29.84432983804339,61.8737187148501
2025-06-12T01:12:02.064224,37.660621067253416,60.859366747644025
2025-06-14T04:10:02.064224,27.247928058055606,70.81218662451187
2025-06-10T20:44:02.064224,22.550839332804795,40.59854374095653
2025-06-15T19:40:02.064224,31.190192530507023,65.88596361657562
2025-06-10T13:24:02.064224,21.605993641275266,69.42388024774831
2025-06-06T23:31:02.064224,20.706905235864184,73.93222807726457
2025-06-16T09:23:02.064224,38.86106188626718,85.24944033998824
2025-06-17T18:49:02.064224,34.15790604225713,80.7713827357139
2025-06-11T23:47:02.064224,28.623370522409843,64.74005684767593
2025-06-16T16:49:02.064224,39.35062558939237,85.12019936956287
2025-06-19T12:31:02.064224,35.78480428396022,76.96253209210562
2025-06-17T08:34:02.064224,34.79510671968883,70.1012573882383
2025-06-09T21:21:02.064224,21.554693397526545,70.61415122412843
2025-06-08T03:38:02.064224,23.574061963368848,50.632735880011154
2025-06-19T11:22:02.064224,39.60191574460895,81.21252929072554
2025-06-18T17:38:02.064224,38.91482756890229,69.35610753688285
2025-06-17T04:24:02.064224,38.5605292291466,81.78187667132386
2025-06-07T20:08:02.064224,16.373957903191773,65.64260635065519
2025-06-19T01:16:02.064224,35.48444456608733,84.72627218218682
2025-06-18T09:24:02.064224,38.431269191439256,82.29594484306149
2025-06-12T06:01:02.064224,35.54557692762651,62.67731339536756
2025-06-11T15:34:02.064224,31.204617407687618,62.74210313734344
2025-06-12T00:26:02.064224,35.63973147606945,71.50410199872196
2025-06-16T12:37:02.064224,34.91378249481082,93.00131691436448
2025-06-08T18:30:02.064224,28.054977076733223,51.86232176555299
2025-06-19T04:44:02.064224,38.614322865256085,81.79345998790204
2025-06-10T06:09:02.064224,26.868895677049963,54.005338254078445
2025-06-19T19:00:02.064224,40.91962968695011,86.82143016358086
2025-06-08T04:34:02.064224,25.902039757833325,63.05513052454766
2025-06-16T14:30:02.064224,34.91775167107107,90.06106375501525
2025-06-17T04:36:02.064224,37.89311658787303,65.44810998463858
2025-06-13T12:47:02.064224,29.84199408699252,73.39277964912826
2025-06-16T11:10:02.064224,32.23079437207749,86.62823486443078
2025-06-19T03:11:02.064224,40.29139913077599,80.10180192839373
2025-06-07T19:36:02.064224,21.424790713743683,47.77907900821979
2025-06-12T22:52:02.064224,31.977050852902288,65.93797784204229
2025-06-10T15:07:02.064224,25.53579756324798,54.96421264593383
2025-06-16T20:51:02.064224,37.13889463071682,67.21971677612872
2025-06-12T23:16:02.064224,28.20990188941514,72.61030976612193
2025-06-15T13:14:02.064224,36.28487812994989,78.75283403269235
2025-06-11T18:04:02.064224,31.407527375782507,56.59226778854282
2025-06-10T06:35:02.064224,19.08500475395166,44.82800226950634
2025-06-17T09:21:02.064224,31.547269406270324,61.978811612299424
2025-06-11T00:22:02.064224,30.16814590440114,73.23392979903721
2025-06-10T03:03:02.064224,26.63026733629195,49.59887589803978
2025-06-19T02:40:02.064224,38.46701594645656,68.37090701748836
2025-06-16T20:12:02.064224,33.69004152948612,87.08887537214233
2025-06-16T10:02:02.064224,32.28969187776577,66.03771129949251
2025-06-17T20:56:02.064224,35.33284681704618,89.20346039732397
2025-06-16T22:42:02.064224,36.27071050485487,82.35126750680799
2025-06-20T01:54:02.064224,41.31982226182178,91.5482620990372
2025-06-19T00:08:02.064224,40.4198423728935,74.31699368902142
2025-06-08T14:36:02.064224,21.82353091592808,49.3843854247872
2025-06-12T15:58:02.064224,33.55151778963847,61.15490060771203
2025-06-11T09:05:02.064224,34.95647581252707,69.23782914223611
2025-06-18T12:18:02.064224,37.17651302918003,87.13249702307903
2025-06-15T13:42:02.064224,36.227316442092814,65.7251184686846
2025-06-08T15:33:02.064224,21.745185628893424,62.49783988385599
2025-06-18T11:30:02.064224,43.47210539110467,75.80737720351532
2025-06-14T17:49:02.064224,32.6795048123198,71.35777815794516
2025-06-15T21:05:02.064224,34.40459292652247,90.42714043350796
2025-06-18T20:16:02.064224,37.46544138144226,80.20405926424388
2025-06-11T12:41:02.064224,34.99265699219337,63.26559961699171
2025-06-15T07:44:02.064224,37.45948905775247,95.55460206554876
2025-06-17T07:16:02.064224,36.9410256570153,89.63539306670353
2025-06-14T17:06:02.064224,27.624713242173534,85.54685014177826
2025-06-09T00:05:02.064224,31.983306313106095,63.26045739755412
2025-06-16T02:38:02.064224,35.98970912291021,86.23296135761501
2025-06-08T14:10:02.064224,24.67040363138307,56.53101383106021
2025-06-18T21:06:02.064224,41.37785855646974,84.93259936430731
2025-06-09T13:06:02.064224,25.750168077822316,56.64977182502274
2025-06-17T13:47:02.064224,38.38906828651571,90.77479276094758
2025-06-12T03:38:02.064224,35.181247665518306,57.444341785621134
2025-06-08T22:45:02.064224,22.462344802142496,47.745710565428254
2025-06-13T06:05:02.064224,30.065546631825704,85.55887299402123
2025-06-10T20:39:02.064224,25.51862100510579,62.60637011212204
2025-06-17T09:14:02.064224,33.39885739835726,55.70112883006448
2025-06-17T12:31:02.064224,35.48416599022213,84.53563919648828
2025-06-12T19:54:02.064224,36.15284551653175,56.08355650541785
2025-06-11T02:53:02.064224,32.02859238811486,65.24792096948163
2025-06-14T02:29:02.064224,31.87589965511956,57.01283924200753
2025-06-17T02:48:02.064224,35.620591933090964,97.88626926744377
2025-06-16T20:57:02.064224,33.19677811746618,80.78256504420936
2025-06-08T15:21:02.064224,23.148097212263725,38.69117106774317
2025-06-16T18:43:02.064224,38.52378195835314,78.75343379216875
2025-06-07T05:23:02.064224,22.762246682636544,45.173407094579005
2025-06-11T21:47:02.064224,34.192656439564246,67.67818312495355
2025-06-08T18:48:02.064224,27.039001466998723,50.28895493744628
2025-06-17T11:31:02.064224,38.48033709736387,82.6388457129801
2025-06-19T23:21:02.064224,37.54268290458761,87.04635536780643
2025-06-10T09:19:02.064224,24.135710384995928,65.98995596153036
2025-06-11T13:14:02.064224,34.22169518402391,67.12376059967605
2025-06-14T16:54:02.064224,29.39506023438021,64.06802467229646
2025-06-09T02:36:02.064224,27.111469778107168,59.573510079408585
2025-06-19T06:14:02.064224,38.85171716547822,100.0
2025-06-18T22:17:02.064224,32.91391953408179,85.01849886743761
2025-06-09T18:58:02.064224,24.464416419554382,56.31411037472108
2025-06-11T20:52:02.064224,34.791564647295715,82.03728881751276
2025-06-11T14:39:02.064224,30.8758952910068,69.97947995538483
2025-06-18T12:29:02.064224,30.227147769814103,61.23079881830397
2025-06-15T06:38:02.064224,30.32816311477977,64.45814417160852
2025-06-10T02:44:02.064224,25.012017388536822,73.65046881852021
2025-06-17T21:14:02.064224,34.95197521651705,81.94904738528993
2025-06-07T04:28:02.064224,23.65389532496456,29.77122980276741
2025-06-12T00:40:02.064224,29.754278398859583,63.69892169665203
2025-06-07T10:15:02.064224,27.063360165395157,41.35668037093253
2025-06-16T08:58:02.064224,36.09632032953897,82.74764366774485
2025-06-09T08:07:02.064224,24.90288706959373,61.18762515746069
2025-06-13T16:32:02.064224,27.449504023920294,75.05906264384754
2025-06-09T19:56:02.064224,22.38842477080067,50.07669860395765
2025-06-19T06:23:02.064224,37.81952732926005,86.26618178139358
2025-06-16T18:15:02.064224,35.72468915359324,53.91362800792033
2025-06-12T06:23:02.064224,28.17282207007717,56.478989252628296
2025-06-18T11:35:02.064224,34.7188882109501,80.41122321875794
2025-06-10T03:18:02.064224,27.78333770623584,52.39282571736974
2025-06-10T08:53:02.064224,24.11330158639104,56.099069432832
2025-06-07T11:18:02.064224,25.034821394653974,52.64100353923786
2025-06-08T22:19:02.064224,22.373200871344533,51.37078422857499
2025-06-14T19:52:02.064224,34.042938078463706,48.95097454342456
2025-06-08T20:05:02.064224,21.758640387502187,43.03190259050378
2025-06-17T01:07:02.064224,40.74599092732458,80.0115063636616
2025-06-14T18:17:02.064224,33.424196705874614,59.77464991996023
2025-06-15T22:36:02.064224,32.535947957681856,78.47257966112464
2025-06-11T11:37:02.064224,31.243382579010586,72.53168630324576
2025-06-07T17:12:02.064224,21.121470193973284,68.21506968049154
2025-06-10T18:12:02.064224,28.368994093972752,57.740162799969646
2025-06-19T12:11:02.064224,39.49797686421604,78.5397993742532
2025-06-17T06:25:02.064224,34.64038882762795,73.33090060750577
2025-06-09T09:09:02.064224,24.00752153448201,51.130909186986656
2025-06-17T16:04:02.064224,34.82626749471199,78.40155111795598
2025-06-07T23:53:02.064224,26.656505673530425,38.8250548699965
2025-06-09T23:46:02.064224,30.40709052669312,61.72315293523255
2025-06-18T05:26:02.064224,37.22739485331788,80.88042716611726
2025-06-15T23:51:02.064224,37.86612059430748,68.56548186677436
2025-06-17T05:52:02.064224,39.22733443368708,53.1528318383682
2025-06-07T13:00:02.064224,27.98986608621194,55.73573758252331
2025-06-14T06:14:02.064224,30.59984314053457,61.19524891725487
2025-06-09T13:51:02.064224,30.633554456444227,57.17958408707389
2025-06-10T01:44:02.064224,26.916943813823774,61.32419639256141
2025-06-19T14:45:02.064224,39.43933832406648,71.79186113472323
2025-06-11T14:00:02.064224,34.29831851101524,60.84603600897181
2025-06-11T02:31:02.064224,29.71869048300502,70.55762665448027
2025-06-17T19:47:02.064224,39.87966735596962,84.86649341925491
2025-06-15T04:48:02.064224,34.62663082381832,71.68701049114094
2025-06-17T13:26:02.064224,34.571264981510055,81.69581298789484
2025-06-10T03:49:02.064224,30.472422567675636,60.61059564496389
2025-06-12T14:18:02.064224,35.409097475211766,60.936953806192655
2025-06-19T16:31:02.064224,40.5977334524428,87.170217427001
2025-06-11T16:45:02.064224,31.18655687762743,53.829994312387086
2025-06-12T07:48:02.064224,29.77459143101792,55.27131572644348
2025-06-17T23:28:02.064224,33.3608014713086,76.16292686163057
2025-06-20T00:55:02.064224,43.514675639330136,87.52946705204695
2025-06-10T08:48:02.064224,28.59052018139873,59.166112159449696
2025-06-18T05:51:02.064224,40.6582750632961,85.19393127545908
2025-06-17T07:39:02.064224,29.352572772866296,77.71448381941072
2025-06-09T14:48:02.064224,28.875015005727462,47.36832472312458
2025-06-18T11:55:02.064224,37.88059927302369,74.70054282993567
2025-06-15T21:42:02.064224,34.149817999941384,72.81465636421488
2025-06-16T00:58:02.064224,36.19784774434417,74.17778704795121
2025-06-11T21:26:02.064224,32.10816578565748,75.49000559853069
2025-06-08T20:37:02.064224,21.294532663761228,56.00356051739482
2025-06-11T03:14:02.064224,28.240143862021117,77.5395147714084
2025-06-07T06:10:02.064224,22.77956082866869,54.49941476243659
2025-06-20T00:08:02.064224,37.08100843388199,95.45569055823977
2025-06-16T18:38:02.064224,33.27764854930449,63.97153021682293
2025-06-07T05:00:02.064224,26.35477312738529,49.487298959653714
2025-06-15T11:29:02.064224,37.64809444912026,64.62575208685634
2025-06-14T04:38:02.064224,33.56080695780557,84.40933669064296
2025-06-11T09:53:02.064224,33.76369091525195,68.0834233784026
2025-06-14T08:37:02.064224,30.389580901046877,66.20114125076651
2025-06-12T05:42:02.064224,30.515632885734867,78.66610908774761
2025-06-07T03:08:02.064224,21.893771147234737,61.37443490444333
2025-06-18T22:09:02.064224,39.7152384811036,93.82966014218036
2025-06-08T23:28:02.064224,22.51146547903932,38.03903075741174
2025-06-13T20:37:02.064224,33.092018067322904,62.4623455320392
2025-06-17T06:56:02.064224,35.136959616387394,82.99059211887655
2025-06-09T10:17:02.064224,29.1903061039196,66.20733321144141
2025-06-16T07:05:02.064224,35.30356137473266,94.43812975808903
2025-06-10T00:20:02.064224,20.949490157879627,45.67593089616817
2025-06-12T21:55:02.064224,30.28540108510434,81.75330037172444
2025-06-18T01:36:02.064224,34.25198028409125,88.07399992522595
2025-06-08T21:43:02.064224,25.9451600590504,51.196586886891005
2025-06-13T04:12:02.064224,34.46754679144853,76.06463562611529
2025-06-10T09:05:02.064224,23.352785273589284,68.72931602144183
2025-06-17T03:18:02.064224,34.22444698335347,88.89043581625788
2025-06-12T03:23:02.064224,32.29400158739941,69.65375556718712
2025-06-18T11:16:02.064224,40.747224661707264,84.29663863319321
2025-06-11T04:16:02.064224,34.40992791741229,56.818172259982845
2025-06-08T19:15:02.064224,25.40567133845109,44.06855043126913
2025-06-09T09:21:02.064224,19.1228845084556,68.27371610416938
2025-06-19T14:03:02.064224,37.20053228017009,77.51229052939752
2025-06-07T11:13:02.064224,25.699507299570897,56.08882312250296
2025-06-16T19:36:02.064224,33.470894751244344,75.24976053174414
2025-06-19T05:16:02.064224,35.86247810756578,77.42672357479316
2025-06-09T19:19:02.064224,21.566910157010845,45.32418756675402
2025-06-07T05:28:02.064224,21.056897987303387,73.3109618917042
2025-06-09T15:50:02.064224,25.22154300565688,66.0095107201411
2025-06-09T20:45:02.064224,21.190763213975583,53.31586462158832
2025-06-13T21:53:02.064224,32.584513467190234,69.80002723296404
2025-06-14T01:13:02.064224,29.818268801360844,75.8785400824306
2025-06-12T14:37:02.064224,28.401266669530816,49.208891884341305
2025-06-09T06:25:02.064224,26.38686438121657,63.01059266970227
2025-06-10T15:46:02.064224,22.365914850124483,56.71887128679997
2025-06-09T07:12:02.064224,28.5356424504762,57.63277414255285
2025-06-07T14:24:02.064224,24.61763963954388,51.1958134487934
2025-06-13T09:31:02.064224,30.0936083395816,76.40771901690049
2025-06-16T14:09:02.064224,34.67169030633376,69.82344484849378
2025-06-10T22:44:02.064224,30.299740875701165,69.59959998474457
2025-06-18T08:23:02.064224,36.89205593873493,70.1391217363096
2025-06-14T19:44:02.064224,29.579085344054384,68.98170620681634
2025-06-12T05:56:02.064224,29.85165797379869,78.64840323875913
2025-06-17T05:24:02.064224,35.29405238683086,93.9407471510929
2025-06-17T16:09:02.064224,34.20119923525703,68.49425350804175
2025-06-08T10:41:02.064224,27.164952753930372,39.265520422967576
2025-06-14T06:20:02.064224,32.87410244135803,76.37199701439509
2025-06-19T17:42:02.064224,35.41252405235568,60.84632424761976
2025-06-14T11:54:02.064224,28.77826337803033,72.4920983861878
2025-06-18T06:30:02.064224,38.4414018865594,69.79878209347773
2025-06-16T19:44:02.064224,32.66561936699436,61.77684511974972
2025-06-11T13:48:02.064224,35.97091243686626,82.00867956495159
2025-06-09T11:50:02.064224,29.128018836163157,45.779334453890485
2025-06-12T00:48:02.064224,32.64022039506183,57.971231020175466
2025-06-12T21:16:02.064224,28.17269367245,79.8123193889486
2025-06-08T13:49:02.064224,24.057362966017735,67.40744923289981
2025-06-18T15:23:02.064224,44.74344130698163,76.75891852065571
2025-06-18T17:28:02.064224,39.47379947410283,89.11471755311516
2025-06-13T10:49:02.064224,33.117481911257805,70.66407721222113
2025-06-16T11:45:02.064224,35.22992870953225,87.23562213347523
2025-06-15T14:57:02.064224,36.74030657637104,61.5149047738899
2025-06-17T00:18:02.064224,32.9778222522116,74.14512644403364
2025-06-11T17:24:02.064224,34.7687024168856,68.87423116476504
2025-06-08T02:08:02.064224,19.641916309177564,53.9684727939808
2025-06-17T11:08:02.064224,31.862686440182515,59.34665565136371
2025-06-18T13:54:02.064224,40.09899228046414,92.87631846468268
2025-06-13T13:26:02.064224,33.468344759746216,67.35163462709443
2025-06-16T03:17:02.064224,32.32763460419837,88.42737143714007
2025-06-07T00:40:02.064224,20.385223317844904,37.52204786769386
2025-06-17T21:19:02.064224,31.80248149334412,84.13383129683564
2025-06-16T02:26:02.064224,37.57428093523843,75.47880675389922
2025-06-12T12:06:02.064224,29.148607668132147,59.67167751388158
2025-06-15T01:18:02.064224,35.44156611081527,58.97152530428808
2025-06-09T23:39:02.064224,24.301559344308743,66.82221004470955
2025-06-09T00:53:02.064224,26.496881827728448,39.77712492656303
2025-06-18T01:08:02.064224,33.46716658623879,72.6839978073036
2025-06-10T11:51:02.064224,25.080684139325136,57.75335817203734
2025-06-19T21:15:02.064224,37.14893393137961,86.0986199812312
2025-06-07T21:04:02.064224,30.172230528756334,62.78974207848336
2025-06-08T12:27:02.064224,27.43300095427716,43.73710043740666
2025-06-19T05:21:02.064224,35.526827410111075,80.25905858652658
2025-06-16T06:54:02.064224,34.37028084569463,84.8294490831568
2025-06-16T19:21:02.064224,35.8091390340386,71.9277279812239
2025-06-16T13:44:02.064224,34.8470215735385,81.17938223926208
2025-06-08T06:27:02.064224,26.07551970870339,57.78154881140803
2025-06-19T14:21:02.064224,37.31240333297775,76.967187621875
2025-06-12T03:11:02.064224,30.53624618280121,61.40873725325384
2025-06-13T02:25:02.064224,29.127257598696904,72.83139679309056
2025-06-18T03:08:02.064224,34.41716781384672,90.01751942312042
2025-06-19T15:38:02.064224,34.244342426650995,94.45797765054245
2025-06-18T07:10:02.064224,40.24632767202812,65.35112416971319
2025-06-12T01:39:02.064224,27.538563423232613,63.2126281752385
2025-06-12T22:26:02.064224,29.458998245082377,76.79991355752503
2025-06-16T05:02:02.064224,32.46518739189651,74.63413196980105
2025-06-07T03:33:02.064224,20.473555816446847,60.04778325375692
2025-06-09T05:16:02.064224,29.22028563089567,57.985322130504194
2025-06-12T17:50:02.064224,30.25681039356779,68.87999723766609
2025-06-19T05:34:02.064224,41.46234540482581,88.87057037173066
2025-06-16T05:21:02.064224,36.675645271796746,75.67813596769764
2025-06-15T14:46:02.064224,36.59093041036884,70.27527853111363
2025-06-14T16:40:02.064224,30.142218498628523,69.76200290413492
2025-06-14T05:00:02.064224,31.605687203151405,80.11164919533786
2025-06-19T23:08:02.064224,38.503686105552674,94.54015078594652
2025-06-15T22:50:02.064224,34.44124037529895,86.59716084824733
2025-06-13T07:55:02.064224,32.78560317423032,55.37027818851048
2025-06-12T14:48:02.064224,32.28348824532175,62.12053584449603
2025-06-18T19:47:02.064224,35.07514919321683,80.61747868573451
2025-06-16T20:46:02.064224,36.564188649639895,55.74046082974717
2025-06-09T08:32:02.064224,29.389958522935306,50.21654952541292
2025-06-07T00:13:02.064224,25.67706052465797,67.46088792962686
2025-06-09T18:48:02.064224,24.771569700712128,42.230095902059766
2025-06-14T13:49:02.064224,29.345828072723165,76.73736771415702
2025-06-10T10:51:02.064224,27.735370833417424,35.35097462290057
2025-06-19T19:47:02.064224,33.70143287033069,83.5656779473678
2025-06-10T21:41:02.064224,28.775185008751876,49.89186646532521
2025-06-07T14:49:02.064224,24.958237929119797,60.250353981303576
2025-06-13T11:40:02.064224,28.32623436560154,60.64694472800625
2025-06-08T17:20:02.064224,23.838720706221228,65.62525340510747
2025-06-19T12:59:02.064224,39.79885714261061,94.51311695414869
2025-06-13T12:55:02.064224,32.50439344929133,72.26707842919052
2025-06-10T23:31:02.064224,32.109910747706955,56.929134386548455
2025-06-19T21:47:02.064224,37.33420832138653,69.89034892232098
2025-06-08T07:38:02.064224,24.136122481853292,64.74009314909807
2025-06-16T09:53:02.064224,37.05329651558732,92.15618580533062
2025-06-12T02:46:02.064224,31.90283123155031,66.02231326154539
2025-06-13T15:25:02.064224,32.097566778938734,60.39549355739916
2025-06-17T07:45:02.064224,36.9419503758788,81.80507256198835
2025-06-18T16:15:02.064224,34.6637231271751,94.8264797655146
2025-06-13T16:53:02.064224,34.16905343445393,67.54239556028433
2025-06-11T15:27:02.064224,26.70512212937829,62.44126490245414
2025-06-09T21:14:02.064224,23.30288198389524,60.028429162983926
2025-06-15T00:27:02.064224,35.71574419114505,78.6529380197778
2025-06-19T01:23:02.064224,39.434911881540046,86.06622425504526
2025-06-15T08:30:02.064224,36.733137678936366,54.64715102193132
2025-06-10T09:29:02.064224,21.482748499532253,56.19595305130287
2025-06-10T05:08:02.064224,28.814416274933937,48.532582102019546
2025-06-15T11:22:02.064224,38.548188766964415,70.97401818964961
2025-06-14T03:11:02.064224,29.32290076298222,71.06918287102066
2025-06-18T05:07:02.064224,39.75577910735242,71.66492655619435
2025-06-18T08:40:02.064224,37.30840799553335,82.67060324574594
2025-06-08T17:08:02.064224,25.636377901367,70.14599970985915
2025-06-12T19:30:02.064224,36.638474295801934,72.15514246142362
2025-06-16T04:13:02.064224,32.38386244299709,66.6174461157249
2025-06-11T06:30:02.064224,31.259664113767304,61.28762968242595
2025-06-16T18:27:02.064224,35.24119234014717,68.93247900667102
2025-06-13T18:11:02.064224,29.972437582959294,50.43550617524809
2025-06-13T21:05:02.064224,32.76539140242191,80.08593941991444
2025-06-08T10:29:02.064224,26.949545268504213,50.170304526847694
2025-06-17T22:42:02.064224,36.76001218237339,70.21104289963708
2025-06-17T05:33:02.064224,33.274807133915765,92.64366362331818
2025-06-07T01:42:02.064224,24.403002992521607,44.799487289069546
2025-06-11T18:48:02.064224,29.257694582920696,57.077152125296685
2025-06-10T14:56:02.064224,25.13965543848073,64.69168738554602
2025-06-17T20:35:02.064224,37.77481240522021,58.456772743780526
2025-06-18T10:31:02.064224,36.9334573488463,92.9568649595315
2025-06-17T17:23:02.064224,34.18763057725228,69.81152427173926
2025-06-07T08:39:02.064224,28.320891466227927,73.02652758566622
2025-06-14T17:17:02.064224,30.242669492699907,71.51744334891785
2025-06-11T21:12:02.064224,31.65772452780236,52.3089137056249
2025-06-11T08:35:02.064224,33.14275287579162,55.17078696075456
2025-06-07T20:33:02.064224,29.449482853241086,58.4217987645964
2025-06-19T20:59:02.064224,37.37109366458004,100.0
2025-06-11T06:39:02.064224,30.15980530709973,79.65724363385792
2025-06-12T06:07:02.064224,28.02242948017151,90.58163529000824
2025-06-10T19:29:02.064224,25.20686234432401,47.62784819685708
2025-06-13T12:37:02.064224,32.9396063009269,62.83784269141734
2025-06-12T01:00:02.064224,27.446369667114844,50.10530510056963
2025-06-15T01:53:02.064224,33.9884457769158,71.11180913200926
2025-06-19T19:32:02.064224,39.55427299076686,83.71167736401385
2025-06-11T12:10:02.064224,30.820874093336272,63.720982171189846
2025-06-09T06:06:02.064224,30.73076040902515,59.04388524384458
2025-06-14T16:23:02.064224,33.083191574997166,66.2587273211564
2025-06-13T21:24:02.064224,34.58716303573779,75.01518534210186
2025-06-08T05:56:02.064224,27.43930667974312,54.9918151883365
2025-06-11T13:04:02.064224,32.13238210862079,70.679615215229
2025-06-07T10:22:02.064224,28.014252879529995,52.4695847238507
2025-06-18T19:36:02.064224,35.91444808399054,80.69020121235286
2025-06-16T01:21:02.064224,37.59314522295868,71.95302272920075
2025-06-14T08:50:02.064224,30.001383610926837,49.86970180274549
2025-06-10T10:10:02.064224,22.21370771727784,64.63357532931947
2025-06-15T15:34:02.064224,38.01827927013834,69.65285764142423
2025-06-11T01:50:02.064224,35.78164432064908,70.47214497963917
2025-06-15T18:18:02.064224,31.423379145266072,71.95547461567763
2025-06-09T20:15:02.064224,24.65493644146301,54.54373955374795
2025-06-09T20:29:02.064224,28.934325873866825,58.33413210044407
2025-06-07T16:43:02.064224,28.123323126334174,58.99815361785839
2025-06-19T12:47:02.064224,37.21718423758588,83.9219332554141
2025-06-16T11:30:02.064224,36.60309646755377,72.60158674871926
2025-06-15T01:41:02.064224,30.77660454538041,92.59532948638072
2025-06-13T08:45:02.064224,33.57754178674644,55.91011689675148
2025-06-11T19:35:02.064224,29.71332343442189,60.519488046947146
2025-06-10T16:58:02.064224,26.787019328596852,54.97168688480334
2025-06-12T00:55:02.064224,33.34263647016303,62.177240262710335
2025-06-08T12:04:02.064224,27.52517061502873,65.25968514659104
2025-06-19T05:51:02.064224,42.26609812539116,82.03561409023075
2025-06-14T21:20:02.064224,34.20054166825901,83.91134583026145
2025-06-15T06:21:02.064224,34.0609530642043,71.97660603395487
2025-06-17T00:06:02.064224,33.6847793737432,87.25283724779798
2025-06-11T08:21:02.064224,30.012795902489646,64.57027905856
2025-06-07T21:30:02.064224,29.348545551431748,46.19145728317695
2025-06-07T04:33:02.064224,24.732288204900605,55.03300228576059
2025-06-14T08:01:02.064224,34.528585039502765,74.25389704953913
2025-06-16T00:07:02.064224,35.28483692615988,96.65295872897032
2025-06-15T23:40:02.064224,34.951447031220184,72.91400161406187
2025-06-17T14:26:02.064224,36.76849788062021,60.01524091472104
2025-06-09T07:38:02.064224,20.683078741768,68.7099187051225
2025-06-09T04:56:02.064224,29.67430057110852,57.94524243804874
2025-06-19T11:00:02.064224,35.05768445495811,80.70309000595469
2025-06-08T09:43:02.064224,26.844697532143545,57.2596286091325
2025-06-07T06:59:02.064224,27.585940039758608,50.87054469002423
2025-06-15T06:02:02.064224,31.268245442429947,88.04993229626504
2025-06-19T09:50:02.064224,38.381222391886766,80.7862839423102
2025-06-13T22:55:02.064224,29.734451692143608,70.60163523374966
2025-06-18T10:22:02.064224,39.98799923010985,93.12808650753672
2025-06-18T16:31:02.064224,36.86886769134655,91.55542445815834
2025-06-17T08:20:02.064224,35.65153788013671,69.47641776860868
2025-06-19T11:30:02.064224,40.01737942700654,72.95952106432183
2025-06-12T23:53:02.064224,32.0752268362758,69.99617271101936
2025-06-11T21:40:02.064224,28.20185294449576,56.4644563379629
2025-06-14T04:05:02.064224,28.989809105223813,60.95184732960698
2025-06-14T14:31:02.064224,30.694002016108623,67.62844098108943
2025-06-08T03:32:02.064224,26.065347190421107,57.21320100990378
2025-06-13T15:19:02.064224,30.7926363964711,56.80236443366462
2025-06-09T06:38:02.064224,27.168219492886102,46.59886340278986
2025-06-13T08:01:02.064224,33.91642893458692,81.26690563796642
2025-06-16T08:47:02.064224,38.03832099193527,82.31033204572387
2025-06-20T01:30:02.064224,38.93447278095179,75.50991680628519
2025-06-17T20:12:02.064224,36.2315873381048,80.48362214680431
2025-06-17T21:32:02.064224,37.32625953943688,88.41865898101761
2025-06-09T09:41:02.064224,22.91771570187978,44.80481028413358
2025-06-09T19:48:02.064224,23.959393291769825,46.94875961853705
2025-06-15T00:19:02.064224,32.78315916171538,85.07119521573291
2025-06-08T16:06:02.064224,24.710471800346617,59.73006996347389
2025-06-17T21:40:02.064224,33.764848034789686,94.45692101945012
2025-06-12T03:52:02.064224,27.37210834965971,76.67292958273117
2025-06-19T20:36:02.064224,37.777561923794735,77.1321705674739
2025-06-10T04:08:02.064224,24.894121663626905,45.02856743565596
2025-06-16T11:36:02.064224,32.83330392728822,79.95119418993598
2025-06-08T01:14:02.064224,16.583675328187812,67.84305214660021
2025-06-09T12:10:02.064224,25.39161008465317,51.545360293983
2025-06-11T18:13:02.064224,29.309100899785072,63.112058506957375
2025-06-10T09:13:02.064224,29.45230582665592,59.76625707239074
2025-06-19T22:01:02.064224,37.71302046341721,84.59103564539919
2025-06-11T05:05:02.064224,33.601204586058635,67.19693810525146
2025-06-10T08:24:02.064224,28.73345172073835,43.61029513988859
2025-06-14T13:44:02.064224,28.971600741427896,53.10992391426045
2025-06-07T22:18:02.064224,31.48572346757224,41.83908870769282
2025-06-14T13:27:02.064224,32.97200919624683,65.3419400749993
2025-06-08T18:17:02.064224,22.501761547996487,55.06823880545764
2025-06-14T22:07:02.064224,37.79486694136046,87.0839252077939
2025-06-08T04:23:02.064224,24.563199081639137,72.40878917173495
2025-06-09T11:55:02.064224,26.21993868930305,61.76754371285671
2025-06-10T13:56:02.064224,26.22929841045641,63.29709948971542
2025-06-12T15:12:02.064224,33.29798395277771,71.38231468712814
2025-06-07T03:50:02.064224,29.05144874411178,51.9670130239648
2025-06-19T21:07:02.064224,42.67650442174428,91.20309101495197
2025-06-07T09:05:02.064224,28.48914650218257,49.99790824495311
2025-06-18T20:52:02.064224,35.38269723245491,74.25860296791053
2025-06-07T22:13:02.064224,20.02099362128894,60.46234515337122
2025-06-15T16:29:02.064224,32.6816146236569,60.13152195522245
2025-06-15T11:09:02.064224,36.32767725422679,80.26548059038426
2025-06-11T18:19:02.064224,33.51515273521325,61.48780388422114
2025-06-11T22:30:02.064224,32.684705156724775,73.49957615212
2025-06-11T09:00:02.064224,36.008755426742795,60.91227882697581
2025-06-12T21:24:02.064224,32.83174405602111,67.03840395781783
2025-06-19T14:59:02.064224,36.95400484999325,87.2418467631584
2025-06-08T17:43:02.064224,19.05839599179381,64.3869507044025
2025-06-09T22:10:02.064224,28.98086905168259,52.23114995450892
2025-06-15T19:05:02.064224,34.589032997585626,83.35549071349078
2025-06-12T13:09:02.064224,30.730773283964737,54.84727018375396
2025-06-08T05:26:02.064224,23.33399460516912,55.19805426014702
2025-06-08T10:01:02.064224,23.71186066640149,74.62652850652105
2025-06-10T17:41:02.064224,20.40755322151433,67.02021074616285
2025-06-19T21:32:02.064224,36.55699933887953,93.74591131099896
2025-06-14T22:44:02.064224,30.71219963375778,88.64791028085625
2025-06-17T07:56:02.064224,34.60423351906998,67.69842096576338
2025-06-18T04:35:02.064224,40.84092399251181,85.5899146132265
2025-06-13T02:55:02.064224,28.23764483353826,54.62413464914444
2025-06-16T01:10:02.064224,36.62483458150745,63.57800495382201
2025-06-16T07:36:02.064224,37.34185199542477,77.7779778019603
2025-06-15T16:48:02.064224,35.07505015374324,88.51886815347953
2025-06-07T02:40:02.064224,27.38514448748453,57.63883950023955
2025-06-15T11:52:02.064224,32.68980527287107,83.15332790791673
2025-06-15T19:31:02.064224,34.09088133736753,66.44047283957389
2025-06-14T15:34:02.064224,32.363580353017134,73.98062006936905
2025-06-10T13:31:02.064224,27.55974810482482,52.54271371758525
2025-06-14T15:48:02.064224,36.32351358408146,55.22839852874692
2025-06-16T23:43:02.064224,39.009863954480224,94.08752865553684
2025-06-20T00:45:02.064224,35.97307878364383,76.54627307725757
2025-06-14T16:32:02.064224,30.71814560197961,69.61650339715132
2025-06-18T16:53:02.064224,35.709337475983034,85.86472705564225
2025-06-15T20:46:02.064224,31.724304196427457,71.12242573289376
2025-06-14T07:55:02.064224,29.683556741913108,76.68968430891779
2025-06-07T11:27:02.064224,24.555942450810868,61.053826124175664
2025-06-18T15:45:02.064224,40.693869720976295,100.0
2025-06-18T09:19:02.064224,41.19547515451676,83.10298798415734
2025-06-18T04:07:02.064224,31.612387650534348,65.83101434398682
2025-06-12T09:42:02.064224,29.135669269289032,76.2385445950663
2025-06-13T20:14:02.064224,29.591402192426575,75.93857008612724
2025-06-11T03:59:02.064224,34.492154412658,66.5591209060526
2025-06-08T16:17:02.064224,20.133904911691275,51.04644270466866
2025-06-14T21:29:02.064224,40.35201394097453,63.47283663223908
2025-06-17T13:13:02.064224,38.2264832563698,81.04782178164635
2025-06-07T21:16:02.064224,26.81184075648594,69.02865276602493
2025-06-16T05:32:02.064224,32.53823061108694,61.714304223774505
2025-06-10T00:31:02.064224,23.87659803438939,65.29628136528775
2025-06-08T08:15:02.064224,27.35029658511455,57.01035947014723
2025-06-18T14:26:02.064224,38.54722233697745,67.26538152341392
2025-06-10T15:57:02.064224,24.922659177744094,40.79764924556659
2025-06-13T05:24:02.064224,27.989911942006643,75.42212409282328
2025-06-11T00:49:02.064224,34.272989784295774,53.54960188107155
2025-06-12T15:40:02.064224,29.4030102777239,74.83026183028812
2025-06-17T10:55:02.064224,32.820664438014454,68.810659548483
2025-06-08T14:49:02.064224,20.604010954437975,48.102871016542686
2025-06-11T05:23:02.064224,29.992493960973544,44.723215442220734
2025-06-12T12:57:02.064224,32.10918033897337,75.18535839999366
2025-06-20T00:34:02.064224,37.11753301799893,78.65453856193383
2025-06-15T08:53:02.064224,37.76924588209235,75.12496477287615
2025-06-10T19:54:02.064224,26.289204297193045,49.195984240207
2025-06-10T01:14:02.064224,25.744839994985675,43.938478026660455
2025-06-13T17:03:02.064224,30.111900522282127,68.72343517749486
2025-06-18T14:00:02.064224,37.41941596983653,69.9850588294439
2025-06-14T20:17:02.064224,27.88295560167636,64.13132752469242
2025-06-15T09:56:02.064224,32.83536299462419,91.54566513592872
2025-06-09T22:41:02.064224,28.5929693145791,63.18781196379447
2025-06-09T02:55:02.064224,30.734635180539605,61.144804643349055
2025-06-18T13:03:02.064224,43.31701992328375,72.85970595050398
2025-06-13T01:14:02.064224,34.85322725526792,62.20078059489045
2025-06-09T16:33:02.064224,24.743456933035453,44.002897569914936
2025-06-19T06:59:02.064224,38.61272922750239,88.11018737213905
2025-06-10T14:04:02.064224,22.205789445378876,72.23013089303181
2025-06-09T12:53:02.064224,28.717904906018507,67.1725596413713
2025-06-18T17:10:02.064224,43.28799477746017,72.66072194331821
2025-06-07T05:46:02.064224,29.574544276437365,62.45121486411032
2025-06-11T12:51:02.064224,31.15562407886747,41.87241112907503
2025-06-15T10:33:02.064224,37.27370785901327,81.05650904962494
2025-06-16T04:00:02.064224,33.30953413123372,70.73624041561303
2025-06-18T00:26:02.064224,38.0015631252457,77.48542392755807
2025-06-11T21:31:02.064224,35.353577171908334,57.5758184882339
2025-06-16T17:23:02.064224,31.44286924017964,69.65143002899089
2025-06-13T05:02:02.064224,34.02484810001662,63.65751550323629
2025-06-19T18:33:02.064224,35.98235194883107,95.33158427159545
2025-06-16T08:36:02.064224,39.13855292397045,56.09867923305401
2025-06-18T08:45:02.064224,37.75689197068702,71.8402801751676
2025-06-09T07:26:02.064224,23.525472212291877,55.33906450514879
2025-06-07T14:29:02.064224,30.71541156275716,66.88605798954234
2025-06-08T04:15:02.064224,21.943260696113924,61.16288419601443
2025-06-07T12:22:02.064224,27.36588830935677,50.5037994766756
2025-06-10T00:11:02.064224,26.73313424799298,45.59819591915185
2025-06-15T23:29:02.064224,31.339023290556263,60.63719643213838
2025-06-13T14:07:02.064224,30.509172898880774,58.76358428971493
2025-06-10T14:19:02.064224,24.259631640054483,44.23712253766155
2025-06-12T18:32:02.064224,30.461806918061782,62.00591662178205
2025-06-14T18:47:02.064224,28.796017259910283,57.3968240213316
2025-06-10T00:43:02.064224,21.86666750760861,58.11672560374152
2025-06-17T12:50:02.064224,32.90824568229068,86.92305566105344
2025-06-11T17:32:02.064224,30.41860968046233,83.21877217646987
2025-06-12T09:26:02.064224,31.551317045428,67.75866371225453
2025-06-14T02:24:02.064224,32.155212322498,63.39777530200158
2025-06-17T04:59:02.064224,32.97614299567797,61.23397505268256
2025-06-12T00:34:02.064224,35.48085445473792,70.17326217989827
2025-06-14T05:47:02.064224,29.069750943428105,61.99968639000998
2025-06-19T08:57:02.064224,43.09067457307411,80.66706103451227
2025-06-19T07:06:02.064224,37.917166694933655,80.03972401750619
2025-06-12T05:20:02.064224,29.837314063100447,76.53089294166973
2025-06-14T03:59:02.064224,28.242305176641523,64.54800851002203
2025-06-19T19:20:02.064224,38.49170626962931,85.92242192613121
2025-06-14T17:22:02.064224,36.45272791086356,84.93660904274357
2025-06-07T18:25:02.064224,27.38883141994632,41.80733078698145
2025-06-12T01:25:02.064224,28.739122792352852,70.14274042228953
2025-06-18T23:07:02.064224,36.983027802101326,94.48349445299216
2025-06-19T16:44:02.064224,36.97216005247702,74.65293185022786
2025-06-13T19:40:02.064224,29.368149670298997,43.83360220866592
2025-06-13T07:29:02.064224,30.7767319342666,73.59119810207717
2025-06-13T13:33:02.064224,32.13098852405238,59.62975277923475
2025-06-07T21:44:02.064224,21.14692644048864,53.17043932329351
2025-06-09T05:32:02.064224,22.42856510102908,58.89601133338551
2025-06-13T01:00:02.064224,35.33690853655376,70.57142690387481
2025-06-12T18:49:02.064224,29.966912872977677,54.01136510611859
2025-06-07T19:54:02.064224,32.55554997114212,52.47157103587076
2025-06-18T02:18:02.064224,36.09401134329346,64.26509063279634
2025-06-10T23:24:02.064224,26.87541133123058,62.363002931960224
2025-06-13T17:20:02.064224,34.60034416348692,75.04143651891539
2025-06-13T17:48:02.064224,31.6210084160387,48.50644453997506
2025-06-12T11:39:02.064224,32.3123314388634,57.069595647278206
2025-06-19T13:25:02.064224,39.198799066338765,92.47405221441288
2025-06-13T01:35:02.064224,35.54399209232928,65.8776215061341
2025-06-09T08:02:02.064224,21.251552974859383,69.12595783582844
2025-06-17T11:51:02.064224,32.20704549517071,78.68085265756253
2025-06-17T15:56:02.064224,35.994313013294104,58.90334942573352
2025-06-09T17:17:02.064224,27.976652500624176,57.86617116699934
2025-06-15T21:53:02.064224,37.81090460696803,67.19190590217976
2025-06-17T07:02:02.064224,33.64436137723853,92.00085319054313
2025-06-16T05:40:02.064224,33.167087060619444,67.79847470171806
2025-06-16T14:22:02.064224,34.14898390635944,97.76513367410716
2025-06-08T15:39:02.064224,22.12556203613969,68.2026275205095
2025-06-20T01:14:02.064224,39.22169325070913,88.48442398085886
2025-06-08T00:27:02.064224,26.617403386803986,67.23506458293755
2025-06-09T18:25:02.064224,25.43425102494228,61.24388098241115
2025-06-15T00:32:02.064224,35.285603581986315,86.20890525662409
2025-06-10T12:45:02.064224,21.673291591483935,48.77714082978795
2025-06-14T01:32:02.064224,34.72811617736745,73.50347582524942
2025-06-07T23:11:02.064224,23.619794709671016,58.4923510998552
2025-06-13T18:33:02.064224,32.13707765352215,68.76419513918177
2025-06-09T02:09:02.064224,26.17131918262872,67.21531023523076
2025-06-07T16:30:02.064224,28.137497432396227,68.1698097320256
2025-06-07T17:54:02.064224,28.45472703057436,52.20783993927252
2025-06-09T10:37:02.064224,23.254467857271823,60.21063216394937
2025-06-18T15:53:02.064224,36.89291202629679,82.58957728826613
2025-06-09T11:05:02.064224,30.294893057349096,55.00809065753055
2025-06-18T23:48:02.064224,38.76328239260612,93.67628907717344
2025-06-08T08:33:02.064224,27.579869466782466,55.71548555914787
2025-06-19T03:32:02.064224,39.75188485011071,84.23811994631387
2025-06-13T02:36:02.064224,38.37578174719782,63.04098581478888
2025-06-08T01:34:02.064224,31.25289023190401,49.82197523305516
2025-06-09T17:50:02.064224,24.843706543306062,60.686768152027696
2025-06-19T11:16:02.064224,38.68832077003168,86.17433054439927
2025-06-10T05:36:02.064224,30.14793870707446,57.92196148896912
2025-06-17T09:59:02.064224,33.10024968076234,88.78062512947054
2025-06-17T14:53:02.064224,32.368733409192245,62.455167414630864
2025-06-19T16:58:02.064224,41.79451993816536,87.49127844062555
2025-06-11T23:06:02.064224,27.94884478351841,49.392109505432025
2025-06-13T21:45:02.064224,34.76735083829533,83.46239444059367
2025-06-07T08:26:02.064224,27.174027077551976,51.93435539038594
2025-06-16T13:17:02.064224,33.41861026411017,68.820295474953
2025-06-19T10:29:02.064224,36.1083197350556,74.19861321355955
2025-06-15T17:18:02.064224,40.843914290767486,90.72931428218608
2025-06-10T22:15:02.064224,31.963068013762687,66.1019210841391
2025-06-16T22:18:02.064224,37.04600681127475,88.1826280586367
2025-06-15T19:25:02.064224,35.367066086721735,78.76461994175878
2025-06-11T01:19:02.064224,26.965105172412542,57.06804508206743
2025-06-10T20:58:02.064224,29.478986082081725,73.57483043611926
2025-06-19T08:43:02.064224,35.7875426882525,88.36033010778802
2025-06-13T18:23:02.064224,37.7608067546186,79.33926203704561
2025-06-19T16:37:02.064224,35.77615384160446,93.2429029821747
2025-06-07T01:56:02.064224,20.17276722561473,54.53707876033995
2025-06-07T20:26:02.064224,28.66454343474704,66.43702102556351
2025-06-12T14:08:02.064224,27.02963119712412,61.04421666697685
2025-06-11T04:53:02.064224,32.12466083973335,62.38031947319245
2025-06-18T04:18:02.064224,35.54998054359475,74.30638118641617
2025-06-20T01:21:02.064224,39.20421515539881,100.0
2025-06-09T19:38:02.064224,31.599916670132973,59.99260094665561
2025-06-18T01:47:02.064224,35.2681460013704,66.48478943142725
2025-06-13T07:05:02.064224,27.880037645600176,57.17306134377382
2025-06-15T15:41:02.064224,37.39861109999467,62.04306533357632
2025-06-07T14:43:02.064224,21.26275961281146,57.45444753164817
2025-06-09T06:20:02.064224,24.58917119571772,58.65316898892952
2025-06-12T15:46:02.064224,31.414258653100124,66.32719286215556
2025-06-19T18:08:02.064224,34.62958829463238,81.7479551336153
2025-06-13T08:15:02.064224,30.028105946790223,76.68100013874158
2025-06-17T19:31:02.064224,35.28767829792477,60.521451043637306
2025-06-18T20:30:02.064224,38.34240922757285,70.60358639425779
2025-06-12T16:21:02.064224,35.21785684476312,59.95471501040535
2025-06-10T04:27:02.064224,23.90370906623112,61.32429741928921
2025-06-17T06:34:02.064224,34.08811866168994,67.25254016789526
2025-06-08T18:41:02.064224,23.00575680119286,46.32799947657302
2025-06-07T17:02:02.064224,19.716914332924148,43.11892904639242
2025-06-15T08:44:02.064224,33.32482558949131,83.16449931244001
2025-06-15T06:31:02.064224,33.8125896772443,69.5739020635533
2025-06-15T09:21:02.064224,37.21112081924866,76.94798219090704
2025-06-11T00:35:02.064224,33.50438883427581,74.06035642209955
2025-06-17T08:48:02.064224,35.08787487464784,69.34953734272004
2025-06-10T17:07:02.064224,20.05448324538489,59.791732855061625
2025-06-19T00:51:02.064224,37.852734603067375,81.66439719618013
2025-06-12T14:59:02.064224,32.881214815209425,75.81443464888632
2025-06-07T12:01:02.064224,30.22265616060409,55.144196146423006
2025-06-15T00:54:02.064224,33.88112415240942,67.33726429615503
2025-06-10T03:08:02.064224,24.078744564466334,44.117918664667776
2025-06-07T17:36:02.064224,22.496752165264727,47.51233121424221
2025-06-15T02:04:02.064224,36.86813244820086,77.14440763552213
2025-06-18T16:26:02.064224,38.03713488286628,94.92449764489224
2025-06-09T12:17:02.064224,24.14204970869004,68.17905051618013
2025-06-10T02:52:02.064224,26.77537923836269,50.85115312271133
2025-06-08T13:36:02.064224,30.87689007120673,46.18931423764117
2025-06-14T18:30:02.064224,27.93435592536025,72.87269804828702
2025-06-11T12:30:02.064224,28.81895606101067,69.28968637732616
2025-06-11T16:38:02.064224,30.32901068708311,71.92480651668392
2025-06-09T21:41:02.064224,26.629448882142047,64.86305987833994
2025-06-07T08:46:02.064224,29.218698851469263,74.99960769990341
2025-06-13T23:08:02.064224,33.5999208255035,76.53341785583576
2025-06-17T23:45:02.064224,35.04374459260798,61.20680546734484
2025-06-12T17:04:02.064224,30.84826233313837,49.5331696684883
2025-06-15T23:16:02.064224,30.902292351860925,67.53217447018471
2025-06-13T22:11:02.064224,34.401663452090176,57.26304235891924
2025-06-12T11:45:02.064224,35.365496115696494,63.49918476265939
2025-06-16T16:39:02.064224,36.79413339965039,86.02435752531164
2025-06-07T07:50:02.064224,29.686843185603184,52.28906935675106
2025-06-18T14:17:02.064224,36.23918872525391,92.53476425529364
2025-06-09T01:00:02.064224,19.915659725502817,43.012948421469126
2025-06-08T20:23:02.064224,21.494556668542995,73.18114541169093
2025-06-13T09:13:02.064224,32.95076740014496,54.49107916729711
2025-06-14T20:03:02.064224,33.43885020875178,80.18291594332617
2025-06-16T23:07:02.064224,36.120721028808056,81.09788276470486
2025-06-16T17:36:02.064224,35.61466041971784,61.23361798521121
2025-06-18T09:08:02.064224,43.10125455032505,69.81428262204479
2025-06-13T03:30:02.064224,29.08529993304375,71.21509893381165
2025-06-07T15:24:02.064224,24.46339827716028,53.655337167567566
2025-06-13T12:18:02.064224,29.70635011276168,64.25528653777037
2025-06-11T11:32:02.064224,32.31268962470085,68.7300839533154
2025-06-17T05:13:02.064224,37.23882593496717,58.56403823933911
2025-06-13T18:44:02.064224,27.619325462580257,69.47111684000801
2025-06-14T02:14:02.064224,29.131370655270253,52.626661092240695
2025-06-10T05:30:02.064224,23.183144430799988,42.64948877433505
2025-06-16T03:35:02.064224,38.30576497947878,58.61618276141999
2025-06-11T06:20:02.064224,30.352889473483064,65.77715278474737
2025-06-11T15:54:02.064224,33.67697163052958,64.98961619919282
2025-06-10T15:16:02.064224,28.704689219325168,59.24156946726225
2025-06-10T07:02:02.064224,21.61574961457247,53.76209463496063
2025-06-08T02:19:02.064224,24.93625462551004,47.72415254307566
2025-06-11T05:45:02.064224,29.89725471849877,64.48766936874381
2025-06-07T18:59:02.064224,26.087523060388005,54.62967796945762
2025-06-15T19:51:02.064224,37.64209488054088,81.19766556304982
2025-06-15T05:30:02.064224,38.95261122383682,62.08946338440041
2025-06-07T23:37:02.064224,23.19416424363692,66.34064084817648
2025-06-17T09:43:02.064224,37.66149101331403,79.29371107947307
2025-06-08T19:54:02.064224,25.615616132035598,66.3873515999129
2025-06-13T03:11:02.064224,30.85205729163097,56.784214580039006
2025-06-18T03:53:02.064224,36.95610189202109,66.31722261190069
2025-06-10T09:47:02.064224,21.75207274458794,62.015525336365926
2025-06-14T17:30:02.064224,35.431837727024615,68.07140315502652
2025-06-13T19:20:02.064224,27.96484049170972,51.27930467385983
2025-06-11T18:38:02.064224,35.201158921031585,56.22086832503916
2025-06-11T05:10:02.064224,36.11047410757547,67.73439402733688
2025-06-08T23:39:02.064224,27.15155756440256,62.38415921009315
2025-06-10T07:36:02.064224,29.920143334911444,55.64552571962045
2025-06-09T11:41:02.064224,26.200134338380604,49.270995553476624
2025-06-09T05:10:02.064224,23.3871783627917,66.05023118183301
2025-06-13T13:14:02.064224,30.71469968780077,53.792533625790256
2025-06-19T04:27:02.064224,39.519564673460366,72.48154985885341
2025-06-18T09:46:02.064224,38.16916847871626,87.01691474117726
2025-06-10T09:41:02.064224,20.26983480848512,75.97245305993415
2025-06-10T03:54:02.064224,25.43818537928696,49.2481644737097
2025-06-17T15:17:02.064224,31.661550513333445,83.22827754498742
2025-06-08T09:38:02.064224,27.411263619987984,45.56464583922925
2025-06-11T01:41:02.064224,32.14025028811925,69.94231265570114
2025-06-19T07:52:02.064224,38.19724801638034,66.42738353845246
2025-06-08T01:25:02.064224,24.81972563144186,67.74717528005498
2025-06-08T21:17:02.064224,23.427010807614582,65.14104310488956
2025-06-07T14:13:02.064224,22.385286783230907,57.25256994372408
2025-06-18T21:48:02.064224,42.51078133579547,81.2895556357345
2025-06-12T03:31:02.064224,34.458587765887344,82.02704142810346
2025-06-17T20:01:02.064224,40.16259768334116,89.95324906456669
2025-06-16T20:07:02.064224,34.404182056683865,82.15365569777987
2025-06-12T12:46:02.064224,29.634475239491344,69.4877131077227
2025-06-09T11:31:02.064224,24.174164374277392,65.44886000489704
2025-06-16T08:00:02.064224,37.40417874427457,89.05679698152592
2025-06-07T00:28:02.064224,25.009196083386065,68.10416718562828
2025-06-07T13:23:02.064224,27.87043982073139,67.94542523192347
2025-06-10T02:06:02.064224,30.02766670339189,71.27660753137
2025-06-11T12:23:02.064224,33.14334541838077,54.25999283065418
2025-06-09T10:59:02.064224,23.723967569241253,68.14574636880052
2025-06-18T05:56:02.064224,39.67754033794721,91.5398781431299
2025-06-07T18:35:02.064224,27.44281293819674,67.69468393423203
2025-06-15T13:28:02.064224,38.70455130130109,65.32137388267783
2025-06-11T23:26:02.064224,33.5665062598869,50.85241780602901
2025-06-11T18:54:02.064224,30.68805412497921,71.41951560377139
2025-06-15T02:17:02.064224,35.70003607081392,69.15189679340236
2025-06-14T07:07:02.064224,33.586599562948315,80.88374390794836
2025-06-10T10:22:02.064224,21.752067591592933,52.77321624181605
2025-06-14T00:08:02.064224,32.75242732502665,49.24408145419787
2025-06-08T11:51:02.064224,24.90479260540096,53.40393617547229
2025-06-11T11:00:02.064224,32.70273964341257,59.25177550639076
2025-06-09T06:30:02.064224,31.95679332232144,52.41020909331356
2025-06-17T17:32:02.064224,35.14187321596293,81.65472331889542
2025-06-18T06:17:02.064224,34.15258185171451,68.70944579256741
2025-06-18T02:42:02.064224,34.93317302767118,84.73609159929961
2025-06-07T12:55:02.064224,20.56982681318921,58.054815984802815
2025-06-08T07:32:02.064224,20.82861846996708,54.25861063653274
2025-06-16T14:14:02.064224,34.97257418678186,67.4300493575381
2025-06-13T05:13:02.064224,28.30478239343165,74.94970506607676
2025-06-17T02:39:02.064224,35.45058232740908,64.99085458576931
2025-06-17T18:24:02.064224,31.508150230671845,56.968605174107125
2025-06-09T04:22:02.064224,21.044364946388512,49.86147262814957
2025-06-15T04:22:02.064224,39.336295474877154,64.81715463393566
2025-06-15T23:04:02.064224,37.37576883333887,68.00833190349611
2025-06-08T09:07:02.064224,28.75924332782248,47.63792799420403
2025-06-07T23:48:02.064224,17.704647240991925,71.46051503092293
2025-06-15T05:11:02.064224,37.80638378885286,69.56820002790121
2025-06-10T16:48:02.064224,24.141510802661703,43.47176430021331
2025-06-16T10:07:02.064224,32.662545276413354,64.89698744168774
2025-06-08T21:35:02.064224,21.601154652445807,38.63482175388241
2025-06-11T02:17:02.064224,33.684372455513554,46.04475989642096
2025-06-13T19:07:02.064224,28.464039252873004,55.763381893400485
2025-06-17T12:39:02.064224,30.71669569183284,61.24576657847865
2025-06-19T23:28:02.064224,40.82722560213337,83.67633285446287
2025-06-08T04:54:02.064224,25.69308334333204,65.55228328898198
2025-06-20T01:41:02.064224,41.1174466050466,87.25310829394893
2025-06-14T09:43:02.064224,35.0300180384403,68.04978576887292
2025-06-08T21:08:02.064224,27.715961093271822,65.20166718950082
2025-06-12T19:44:02.064224,29.60052463634299,72.37843825603764
2025-06-08T22:24:02.064224,25.22423697492893,53.59313926520254
2025-06-18T09:37:02.064224,37.084058128576736,84.56373043337983
2025-06-11T23:15:02.064224,31.29563482549321,69.48078510152136
2025-06-13T11:26:02.064224,35.443024274599885,67.8449951079705
2025-06-09T08:26:02.064224,27.724141703861605,46.22029706887322
2025-06-09T15:41:02.064224,20.345953131140742,53.43414593021453
2025-06-11T20:40:02.064224,34.64477399162566,57.118615074340696
2025-06-18T18:31:02.064224,40.69890673227994,88.21628835377712
2025-06-12T12:27:02.064224,32.6721874280462,51.29376336166823
2025-06-08T16:42:02.064224,27.85561186697531,63.89650101993084
2025-06-13T08:55:02.064224,29.11885989467874,55.15527693545439
2025-06-19T02:35:02.064224,37.99904939055,91.9614291005134
2025-06-12T02:34:02.064224,31.571179003033954,57.01863783395277
2025-06-13T19:54:02.064224,33.91942894139394,71.45940128155772
2025-06-14T18:59:02.064224,35.1723494890073,66.1423896472807
2025-06-13T19:34:02.064224,27.23724335772357,72.60023265883362
2025-06-16T21:46:02.064224,30.114217447655022,81.55654093902155
2025-06-19T16:19:02.064224,39.90921989672983,94.26230942063648
2025-06-19T07:26:02.064224,36.793079108971725,65.93794547442296
2025-06-08T05:09:02.064224,26.898740764274628,49.55543652385085
2025-06-10T12:37:02.064224,27.214811599595507,43.80842766989771
2025-06-19T09:59:02.064224,37.02289173477664,74.80302672929993
2025-06-19T17:15:02.064224,38.94956900918987,94.71986812359664
2025-06-15T00:39:02.064224,40.01573033622002,79.51203108605067
2025-06-13T03:56:02.064224,32.01056626444147,64.12698650462744
2025-06-10T20:02:02.064224,21.86005476838338,49.013192494202144
2025-06-19T03:43:02.064224,38.17363392221357,72.9923383734504
2025-06-17T00:51:02.064224,36.54679934457802,69.97390246769257
2025-06-10T22:03:02.064224,31.505421476117014,56.4834240151591
2025-06-09T10:32:02.064224,27.070990045683228,55.064597608559794
2025-06-17T06:19:02.064224,36.23704937806336,62.65760605404176
2025-06-13T23:21:02.064224,29.80380230967137,52.189554553058834
2025-06-10T07:55:02.064224,25.55537801897003,60.3994333370281
2025-06-08T21:54:02.064224,26.937265094311464,49.14170347962925
2025-06-11T09:40:02.064224,32.06472353066459,47.60687103738104
2025-06-12T04:33:02.064224,33.43499103594629,70.01224468845652
2025-06-18T20:07:02.064224,44.283354705866245,72.74342058247043
2025-06-16T01:47:02.064224,37.31875361607545,73.34517108760035
2025-06-09T04:06:02.064224,25.4668524873175,62.47460470483301
2025-06-14T23:40:02.064224,35.74082345489435,62.06247596496223
2025-06-11T16:08:02.064224,33.51027883999485,53.52058329549881
2025-06-08T03:11:02.064224,22.323367742991103,66.85858164485307
2025-06-07T01:33:02.064224,26.645556350704236,45.68996115524141
2025-06-14T02:39:02.064224,28.937202864400493,71.44197175488995
2025-06-10T07:41:02.064224,27.84628166962316,42.85968236483399
2025-06-11T10:12:02.064224,27.87957815812536,76.37330306936204
2025-06-11T23:34:02.064224,28.98913976390605,52.97424623682084
2025-06-14T12:13:02.064224,34.499439904007296,66.11604117459466
2025-06-13T11:02:02.064224,31.10176140060248,81.30576969831903
2025-06-08T06:16:02.064224,26.713850382400377,49.48514099822621
2025-06-10T09:55:02.064224,28.6523335761604,52.467131018665015
2025-06-07T10:07:02.064224,30.88118449272418,52.19069709546458
2025-06-07T13:15:02.064224,24.701675381502064,40.38597559013055
2025-06-15T03:38:02.064224,34.66250625746062,79.31194101060555
2025-06-07T21:59:02.064224,20.805121027829543,61.592770011807694
2025-06-14T20:11:02.064224,33.13406700967901,51.0694529026828
2025-06-12T20:24:02.064224,29.21954327340981,81.58310175831912
2025-06-17T01:29:02.064224,30.728290116908788,69.50696099077125
2025-06-08T22:10:02.064224,23.788648718815747,63.16704514680974
2025-06-09T14:04:02.064224,27.13074616891904,67.26335276293972
2025-06-11T22:06:02.064224,25.72430941714582,80.68249735261577
2025-06-13T04:55:02.064224,29.72098160088353,69.53439128623518
2025-06-17T05:40:02.064224,33.14989907839519,90.42032323640449
2025-06-08T08:50:02.064224,31.317403675269286,65.00823070386303
2025-06-18T05:02:02.064224,40.723603611903954,86.9446143196857
2025-06-11T22:01:02.064224,35.79328676884968,69.83764346327283
2025-06-18T21:18:02.064224,42.65522438329206,73.89298602243419
2025-06-14T00:36:02.064224,27.395369953901543,54.56143276030608
2025-06-10T22:39:02.064224,36.41993502416869,72.17471631067168
2025-06-16T11:56:02.064224,34.13496882263094,73.76541037260807
2025-06-17T10:10:02.064224,41.11163283276023,85.93010968438502
2025-06-18T17:17:02.064224,40.15145274695295,79.3497143929501
2025-06-08T11:16:02.064224,28.68955998120443,60.72718424515488
2025-06-11T13:31:02.064224,31.56005994605837,64.78339565672735
2025-06-12T10:07:02.064224,31.199739478625972,68.48133398367455
2025-06-06T23:39:02.064224,21.62335860411678,76.9936226560361
2025-06-16T03:07:02.064224,30.35817983928741,69.55854124398901
2025-06-17T14:39:02.064224,33.647659176949226,78.1289717159744
2025-06-15T20:03:02.064224,33.11598216664083,66.86827085011545
2025-06-14T01:48:02.064224,27.77390059416089,65.33156534378978
2025-06-16T15:10:02.064224,35.27529371655675,93.03950634017336
2025-06-07T03:43:02.064224,21.57217761614279,48.12791157173931
2025-06-08T02:31:02.064224,28.541430307605022,50.948312884618325
2025-06-13T13:44:02.064224,31.05895298672639,78.99185570556327
2025-06-10T16:29:02.064224,26.95206287156102,60.624991272123175
2025-06-12T18:42:02.064224,33.98999921902181,58.076585336687785
2025-06-10T11:00:02.064224,25.65818915739959,68.63564604787038
2025-06-16T10:28:02.064224,35.576637712015604,82.16780806119196
2025-06-08T17:32:02.064224,22.143584643571828,65.74192111574227
2025-06-11T08:49:02.064224,34.07410713968645,71.7147938493878
2025-06-07T00:51:02.064224,26.00431426343013,65.08013438154875
2025-06-10T06:54:02.064224,28.323202846721355,73.29922760888314
2025-06-11T10:32:02.064224,31.4670807889898,69.54603746274803
2025-06-10T17:49:02.064224,25.31234621375757,42.66170593452162
2025-06-18T18:17:02.064224,36.61936422655461,84.77728542396582
2025-06-16T06:28:02.064224,29.74362546753495,61.71867877457306
2025-06-09T13:21:02.064224,28.600097826286472,43.45311609823163
2025-06-09T00:18:02.064224,27.68499773305744,54.154337529444426
2025-06-17T11:45:02.064224,35.10990476774674,92.13104681313096
2025-06-18T23:37:02.064224,41.12498274667268,82.548663826707
2025-06-10T04:42:02.064224,29.11850553229081,64.50386678579542
2025-06-18T07:37:02.064224,41.21522055320168,63.38085524802206
2025-06-15T03:47:02.064224,34.997939221733546,68.32998670559486
2025-06-11T14:18:02.064224,33.29826067712489,55.130815461466106
2025-06-15T00:14:02.064224,34.19568625405513,74.45694425591502
2025-06-19T22:12:02.064224,38.03205522936064,100.0
2025-06-09T12:02:02.064224,29.730358926605103,60.46261440973167
2025-06-08T13:17:02.064224,21.851619705550448,52.96690222346645
2025-06-19T03:04:02.064224,39.17931323334279,78.29060796927713
2025-06-11T11:47:02.064224,34.03437242667633,59.355442044460986
2025-06-10T17:13:02.064224,27.1029891347612,53.14792038386875
2025-06-16T12:49:02.064224,35.45850072060391,73.34573535019032
2025-06-13T23:50:02.064224,33.25972439093831,71.13291000696925
2025-06-08T17:54:02.064224,18.32591742201204,43.93875939820948
2025-06-18T17:03:02.064224,34.6893769667835,84.8812458163641
2025-06-19T21:42:02.064224,40.98650719937432,83.32014739012514
2025-06-07T06:46:02.064224,29.62453174111832,61.5686287590833
2025-06-13T20:58:02.064224,33.5700245171477,72.1409474660686
2025-06-16T15:52:02.064224,32.36505331427698,60.92214256032089
2025-06-19T10:40:02.064224,38.469243845457385,88.31858808631935
2025-06-18T07:57:02.064224,38.376592583783975,85.58544096991139
2025-06-19T02:09:02.064224,39.06396080977183,83.45673664971211
2025-06-14T19:12:02.064224,33.42266375149448,49.249526460064246
2025-06-16T21:04:02.064224,36.45165955381382,72.9348562696467
2025-06-15T02:47:02.064224,34.078776281339685,69.40447143754902
2025-06-09T05:53:02.064224,22.884032125012475,59.42023072370086
2025-06-13T22:01:02.064224,29.19157788033764,64.90565234629419
2025-06-14T03:16:02.064224,36.44600223122104,55.28865283864227
2025-06-16T16:27:02.064224,33.29275550406687,85.78284014414551
2025-06-09T03:04:02.064224,25.96648076191609,63.18821487342137
2025-06-08T05:02:02.064224,20.32745690663073,50.85989543503885
2025-06-16T05:27:02.064224,33.07419800020321,78.8661994565008
2025-06-11T08:10:02.064224,32.94522453522332,55.60538592016835
2025-06-11T22:11:02.064224,32.74556948019798,63.46750546578265
2025-06-07T15:07:02.064224,24.48911138045194,51.28186934403829
2025-06-19T13:44:02.064224,35.28092419075371,78.09624407969955
2025-06-12T17:39:02.064224,35.14731263805121,84.02843729338765
2025-06-15T13:53:02.064224,31.51207629642573,94.43491558391403
2025-06-13T02:17:02.064224,28.9479664364653,75.54111491251476
2025-06-11T14:49:02.064224,29.60491041974569,58.20541062323477
2025-06-08T23:51:02.064224,29.56567155205845,56.32118766653677
2025-06-13T09:44:02.064224,30.46398994953673,64.32081486015906
2025-06-11T04:29:02.064224,31.926015203155064,68.54175739479138
2025-06-14T10:19:02.064224,31.2796941161087,68.77744184146836
2025-06-19T18:21:02.064224,36.93991284430425,68.78384342750381
2025-06-07T18:08:02.064224,27.71153544760707,65.00126166374321
2025-06-11T20:19:02.064224,31.6328805229052,62.596919450400016
2025-06-15T03:28:02.064224,35.49665267293195,91.04013340370908
2025-06-19T17:36:02.064224,35.82509177616874,100.0
2025-06-17T00:38:02.064224,34.54202806424479,74.72315199802773
2025-06-07T11:32:02.064224,27.96187643534102,42.259947339848665
2025-06-12T17:26:02.064224,34.25847609003997,62.95102119448156
2025-06-19T11:05:02.064224,35.98566444842533,66.49094895612079
2025-06-08T21:29:02.064224,23.64251753232941,60.74314062765511
2025-06-16T00:34:02.064224,35.544140045965,65.864887362638
2025-06-16T18:57:02.064224,36.773885627230506,68.87490638551562
2025-06-07T08:52:02.064224,24.766998854472305,57.22304755022019
2025-06-07T13:47:02.064224,26.53627807353528,50.93898820312958
2025-06-09T03:12:02.064224,30.36356553679503,51.594484127578205
2025-06-08T16:57:02.064224,23.27832532158709,53.51229759558768
2025-06-17T09:30:02.064224,35.4518599803043,62.10156094075622
2025-06-16T11:04:02.064224,38.84074275523859,68.94590218773533
2025-06-17T14:45:02.064224,31.3395007516942,82.12825315071089
2025-06-08T03:05:02.064224,23.21441220477553,41.8160805326354
2025-06-19T05:44:02.064224,37.38129797881809,84.53572454738804
2025-06-12T22:40:02.064224,32.00575334470145,66.70561772725713
2025-06-13T15:10:02.064224,33.61379612271308,50.77278784711302
2025-06-19T17:23:02.064224,40.9396485316915,91.20243115653427
2025-06-13T11:49:02.064224,31.375364924924344,70.80889878442727
2025-06-19T08:10:02.064224,35.6226280755804,67.5581990345905
2025-06-17T22:08:02.064224,37.2569971045252,91.2232708015591
2025-06-13T06:12:02.064224,35.10927301599793,79.30351328988766
2025-06-09T02:44:02.064224,24.59390012574545,46.31457700360466
2025-06-11T01:05:02.064224,32.70508987541058,71.47672112995917
2025-06-15T23:59:02.064224,32.22958466674627,59.72307727768485
2025-06-13T17:15:02.064224,31.759128870549784,68.50178214766035
2025-06-15T06:10:02.064224,31.677418751329963,80.5890389525788
2025-06-08T21:02:02.064224,19.796135949567667,56.21519378736514
2025-06-19T01:57:02.064224,37.024372077212206,80.2117242040976
2025-06-12T16:44:02.064224,29.79999385073563,69.01386219827593
2025-06-11T16:23:02.064224,33.51833186729731,51.93948141062506
2025-06-09T18:01:02.064224,19.895739472965907,57.26457309579633
2025-06-11T02:10:02.064224,33.97038466276821,59.80028700312162
2025-06-15T09:05:02.064224,34.79683236022963,69.47001207506625
2025-06-18T10:42:02.064224,34.72419234700944,76.77561855541143
2025-06-08T19:00:02.064224,25.346917739875742,55.28544574687033
2025-06-12T21:44:02.064224,30.375160168581598,66.42362893918441
2025-06-08T12:21:02.064224,29.812536518277327,56.92703103887956
2025-06-17T03:56:02.064224,36.326880986601246,73.06591361220643
2025-06-13T15:02:02.064224,29.15495261080032,53.826937919515366
2025-06-08T11:45:02.064224,18.380241046419226,59.00744004251285
2025-06-10T12:53:02.064224,24.64391085279189,56.12372945849966
2025-06-15T12:38:02.064224,36.15831237468659,84.14546791243468
2025-06-14T11:47:02.064224,33.09965585011362,58.90074028215083
2025-06-19T01:43:02.064224,40.88460769941511,95.14598310732394
2025-06-12T20:10:02.064224,31.7722213931218,54.62977355512008
2025-06-17T12:01:02.064224,34.65281482979461,84.3506344433832
2025-06-12T02:57:02.064224,31.47412080395302,76.84062250073536
2025-06-17T11:17:02.064224,35.43456531961243,61.81871479424501
2025-06-18T19:55:02.064224,36.48741074465919,79.61050277541521
2025-06-08T13:26:02.064224,20.8108838679772,71.95597449164573
2025-06-16T05:11:02.064224,36.42282102147931,75.87653655706056
2025-06-15T10:46:02.064224,34.30748220453883,86.42759665309237
2025-06-19T04:34:02.064224,37.620334029364,78.3574987405587
2025-06-18T12:06:02.064224,40.82723795317133,99.80074290841262
2025-06-18T18:53:02.064224,43.77299052375944,82.45961290054137
2025-06-09T17:36:02.064224,27.931248643227484,53.07638469333368
2025-06-16T05:46:02.064224,36.70324310219699,87.63315880009871
2025-06-08T11:57:02.064224,24.78988661194248,54.41525184664241
2025-06-12T04:07:02.064224,28.41253116747421,58.26098440981944
2025-06-16T00:26:02.064224,32.99060312706806,90.54483831408082
2025-06-16T16:18:02.064224,32.97196974759985,76.131433998559
2025-06-07T13:07:02.064224,31.10898903873438,54.18616451415069
2025-06-08T08:24:02.064224,22.57431848904806,63.442598424226965
2025-06-08T02:54:02.064224,20.425277110410764,46.82684044227853
2025-06-09T20:57:02.064224,21.50437854291868,60.44901144993641
2025-06-19T03:23:02.064224,34.52367278714564,78.52047227486409
2025-06-09T02:26:02.064224,23.32816371778546,56.91831029823177
2025-06-13T15:45:02.064224,29.9919177960339,56.01034434637113
2025-06-18T10:09:02.064224,42.50730670856361,75.3108656167707
2025-06-12T11:03:02.064224,30.74272467145426,66.04506286919967
2025-06-08T10:09:02.064224,22.32645345167673,64.61513882540551
2025-06-13T13:00:02.064224,32.553058021768564,69.57787718128088
2025-06-13T14:30:02.064224,36.04301672341023,63.70898200178309
2025-06-08T07:24:02.064224,27.35670746029836,57.75212051707244
2025-06-08T03:52:02.064224,28.420894868586988,51.76350133830166
2025-06-17T23:20:02.064224,36.0777081988067,82.93228293523094
2025-06-18T07:43:02.064224,40.13931032150172,76.94050371819002
2025-06-16T21:23:02.064224,33.385843376201244,76.51361766571237
2025-06-08T11:07:02.064224,26.63643638481993,38.26310870855085
2025-06-18T02:54:02.064224,31.884142192488813,66.11628966578017
2025-06-16T01:36:02.064224,32.95206034125691,67.74558623373352
2025-06-17T02:02:02.064224,37.774035734720975,58.10980387787148
2025-06-13T17:33:02.064224,33.71633277690539,59.73575920689145
2025-06-08T07:11:02.064224,19.81664769117672,43.78830952698374
2025-06-14T21:51:02.064224,32.91242923540091,71.63804087842904
2025-06-12T06:46:02.064224,31.90629095833533,53.137154663584
2025-06-08T11:27:02.064224,22.93015614131029,47.52741521419698
2025-06-11T22:18:02.064224,29.731575263727752,68.10937639826535
2025-06-11T00:03:02.064224,29.78764647772333,72.8139064991889
2025-06-13T13:58:02.064224,34.569221588746856,78.26361206782956
2025-06-19T12:39:02.064224,37.31059953293392,87.2420540820969
2025-06-08T11:01:02.064224,24.51879457835986,45.65205936033891
2025-06-17T16:32:02.064224,38.26000257299016,63.44181008357157
2025-06-11T17:13:02.064224,32.5648691735221,57.847653471908565
2025-06-19T20:45:02.064224,40.17021967636742,72.65508960063632
2025-06-11T07:38:02.064224,27.188591848856024,64.68020887840606
2025-06-07T02:26:02.064224,25.992552116265344,63.63836522603626
2025-06-11T01:24:02.064224,30.423884183291342,62.60757430125754
2025-06-10T08:16:02.064224,24.370204882306588,64.95760352699958
2025-06-10T16:36:02.064224,21.245402000078595,59.91380032741248
2025-06-16T07:45:02.064224,36.616662227448046,92.588475298591
2025-06-08T00:40:02.064224,25.13248937131095,46.56096856038125
2025-06-10T22:29:02.064224,28.892474627507685,70.66369535618777
2025-06-09T01:30:02.064224,24.43390639503838,59.07027977285401
2025-06-08T04:00:02.064224,24.514478759973315,54.59530259345626
2025-06-18T15:04:02.064224,41.440684974545576,72.3657197328439
2025-06-17T18:36:02.064224,32.36921116814056,94.92598730764333
2025-06-14T21:46:02.064224,35.32739553528476,56.47740517718354
2025-06-12T19:11:02.064224,35.02535217679602,62.66176416893321
2025-06-10T03:40:02.064224,24.80346947046088,57.32540178688117
2025-06-19T10:46:02.064224,34.57066376887249,81.49623569821266
2025-06-12T20:51:02.064224,34.10908269674984,69.61929007450294
2025-06-18T05:37:02.064224,38.16061072160485,95.436535565089
2025-06-14T18:02:02.064224,31.094313506534125,61.91133534574279
2025-06-07T11:41:02.064224,21.066648391948824,60.2969363063411
2025-06-07T00:21:02.064224,23.791646558639385,45.03681132942194
2025-06-19T15:55:02.064224,38.04693306955342,97.12131498377988
2025-06-09T23:24:02.064224,24.531775527987165,46.6418725779621
2025-06-12T22:31:02.064224,32.83825882241774,49.69477432623818
2025-06-15T15:55:02.064224,32.10487747348711,62.79339888682981
2025-06-10T07:12:02.064224,25.67787293431713,61.86280775595604
2025-06-18T13:30:02.064224,40.376511005864906,86.9728779307166
2025-06-09T01:41:02.064224,21.4555437479201,67.19255297392453
2025-06-16T04:18:02.064224,35.56381471004421,85.27307390917034
2025-06-15T07:01:02.064224,32.82788031888973,73.08357785775064
2025-06-07T12:35:02.064224,29.22287405609618,58.56964492464789
2025-06-14T07:25:02.064224,34.995663348814546,58.44317221930562
2025-06-11T03:43:02.064224,29.73074346280265,65.42309304574454
2025-06-12T02:02:02.064224,30.80261739326835,55.43561900248098
2025-06-11T06:10:02.064224,30.7056959306935,79.12762605522298
2025-06-16T00:53:02.064224,30.45254273872105,67.32126119909861
2025-06-14T15:56:02.064224,31.17545906300918,45.470608995366064
2025-06-15T05:20:02.064224,37.31073616975583,88.2102990667146
2025-06-11T15:19:02.064224,34.38098909935784,80.3427057029593
2025-06-15T21:29:02.064224,34.42945932005052,81.50629137480529
2025-06-14T16:10:02.064224,32.512090726765386,73.91190575273704
2025-06-10T21:16:02.064224,22.5198894242162,60.2509579202824
2025-06-14T08:07:02.064224,30.40742523155509,69.98250842291434
2025-06-11T17:58:02.064224,33.30875654257054,56.78798748501361
2025-06-07T22:34:02.064224,23.19712160988868,59.24139178373078
2025-06-15T16:16:02.064224,35.11684226254058,79.7833698970056
2025-06-14T18:09:02.064224,33.19534451183071,80.86931339059254
2025-06-12T03:16:02.064224,35.27674620692832,80.90747597162498
2025-06-10T19:15:02.064224,26.28739172090835,49.320396930170766
2025-06-15T12:02:02.064224,32.86789915409438,60.62335956927137
2025-06-16T03:46:02.064224,33.21302837626224,69.42673353299271
2025-06-11T07:51:02.064224,29.32340725265337,61.40198372937621
2025-06-10T18:48:02.064224,26.587584245416483,68.22795103444616
2025-06-10T21:06:02.064224,26.666864223335672,56.63046995638671
2025-06-15T12:25:02.064224,40.86566982252887,67.19908150176298
2025-06-07T14:56:02.064224,21.92568711474881,48.6341079166268
2025-06-17T22:17:02.064224,37.61289513110522,81.17389378336998
2025-06-15T10:58:02.064224,36.859805208232416,92.74556583871671
2025-06-17T07:29:02.064224,37.931777064411314,76.62406588085403
2025-06-17T21:06:02.064224,36.79201178261229,73.86909421250138
2025-06-14T22:01:02.064224,34.21285181059433,81.01690612147142
2025-06-10T01:20:02.064224,18.64147819068934,66.47243156557637
2025-06-18T00:19:02.064224,34.83053771410172,63.42212268279639
2025-06-13T22:47:02.064224,31.755383113712064,54.26631331007134
2025-06-10T12:18:02.064224,20.93774307015837,48.17920229726713
2025-06-12T16:10:02.064224,34.38388421343734,66.00044660660397
2025-06-10T16:17:02.064224,28.08563026477873,48.85589483294111
2025-06-18T23:19:02.064224,39.56524650925112,80.77900978655941
2025-06-14T20:38:02.064224,30.56864033883523,58.38328459858582
2025-06-14T10:30:02.064224,33.429758363962186,68.37238073947559
2025-06-18T19:14:02.064224,37.16395636971836,87.66958536107765
2025-06-08T15:53:02.064224,27.774822682315524,42.81116949651918
2025-06-17T16:44:02.064224,35.79350911134444,76.12427635542691
2025-06-11T19:45:02.064224,30.950442084815457,75.62543169529282
2025-06-11T20:59:02.064224,31.65244341324232,76.22127918331563
2025-06-11T13:41:02.064224,29.154874853906765,80.08022504330474
2025-06-12T08:10:02.064224,30.35339098426326,65.19360514595174
2025-06-19T17:31:02.064224,34.87912427449081,89.12360794482946
2025-06-09T15:18:02.064224,19.78590256777858,43.53936868778892
2025-06-15T10:16:02.064224,31.3621006540407,62.370080111070415
2025-06-08T19:47:02.064224,29.588841746235616,44.23709533958423
2025-06-07T18:42:02.064224,29.9763058956267,54.3133239309061
2025-06-18T09:51:02.064224,37.45902403672005,95.92780024572356
2025-06-15T07:50:02.064224,29.95695578478738,72.62553241668414
2025-06-17T01:20:02.064224,37.79029831288935,59.92773928691456
2025-06-14T01:53:02.064224,34.11097776987311,72.44539130539759
2025-06-14T09:08:02.064224,33.54215991969544,62.8602555816589
2025-06-17T00:59:02.064224,31.615185752629387,65.41125593497725
2025-06-19T11:47:02.064224,36.48084764557383,92.78303362225326
2025-06-18T04:52:02.064224,35.85302513402539,87.02342656252789
2025-06-15T09:49:02.064224,33.65091181557678,89.14817477718601
2025-06-16T12:57:02.064224,32.20021572132434,72.71088068853838
2025-06-11T23:39:02.064224,31.529820650807007,48.45172876634519
2025-06-15T11:39:02.064224,34.13686243867991,85.2052885566501
2025-06-17T18:15:02.064224,37.76897313940907,91.8214646865175
2025-06-11T06:57:02.064224,31.37869961004564,67.12010617588601
2025-06-18T21:28:02.064224,35.80160998385048,83.8798689771423
2025-06-19T21:22:02.064224,39.60988918012458,93.55900465762348
2025-06-16T22:00:02.064224,35.705841904468734,92.37492741502832
2025-06-14T12:59:02.064224,29.747730357098387,56.278326247649815
2025-06-13T10:38:02.064224,29.33953902597213,51.95679912191329
2025-06-06T23:45:02.064224,23.784580317604306,55.0011104643928
2025-06-15T03:15:02.064224,35.376678896140184,68.84165254788496
2025-06-16T17:48:02.064224,37.28127273299072,86.12695277580217
2025-06-07T01:00:02.064224,24.1122016908976,44.07092687636416
2025-06-18T06:53:02.064224,40.113170690196775,87.45850522067062
2025-06-11T05:35:02.064224,37.56637467871914,70.90761246309145
2025-06-07T00:04:02.064224,20.445528789382127,40.43682404402854
2025-06-16T23:13:02.064224,36.97288913956714,87.97444248056688
2025-06-14T20:30:02.064224,32.29753783124701,65.44278528464577
2025-06-07T22:25:02.064224,29.217037662534675,65.46304061940492
2025-06-12T20:35:02.064224,33.76784357001668,66.7395770803724
2025-06-14T00:50:02.064224,30.035882895940937,73.75299332217827
2025-06-10T01:08:02.064224,28.372643800197007,51.4961551439639
2025-06-19T13:04:02.064224,40.06766434785916,78.17715420743124
2025-06-17T15:38:02.064224,34.991697280274714,87.51023942026619
2025-06-17T17:01:02.064224,32.714057796911895,74.73304759416793
2025-06-09T19:33:02.064224,25.807554201949348,40.531255951034055
2025-06-17T18:59:02.064224,33.61163894661984,63.69597779195003
2025-06-08T09:56:02.064224,22.25600292165157,39.44076927917484
2025-06-12T00:01:02.064224,32.80954778644016,64.8771576027206
2025-06-12T23:37:02.064224,26.9886254240627,58.05562892305035
2025-06-15T08:22:02.064224,37.66069721747414,74.52836996313269
2025-06-15T00:47:02.064224,32.51787369637645,76.44537440731027
2025-06-14T06:01:02.064224,32.8035966871045,63.6266762452241
2025-06-09T03:53:02.064224,25.66146771265232,48.9851473840656
2025-06-07T11:04:02.064224,22.51623972885972,52.05487384783725
2025-06-18T18:39:02.064224,36.89390553966506,87.43143925465456
2025-06-10T02:20:02.064224,19.76320068582448,38.57178884345483
2025-06-09T07:50:02.064224,24.991969617955476,57.42414941269836
2025-06-07T02:54:02.064224,28.781861178897884,60.0221921443414
2025-06-19T09:33:02.064224,39.59816891836154,80.41055669996102
2025-06-15T02:37:02.064224,31.058019437109525,63.02677976634859
2025-06-13T03:05:02.064224,29.1174228418375,74.62988916816796
2025-06-09T15:31:02.064224,26.345644633633544,50.01025831535063
2025-06-07T07:10:02.064224,30.455648076252785,42.73901571281962
2025-06-12T14:23:02.064224,32.01550260364514,59.827652363464864
2025-06-16T07:50:02.064224,32.45921965313126,82.5513630933781
2025-06-19T18:47:02.064224,37.52080107395514,85.69191600205542
2025-06-07T02:05:02.064224,24.114509726375395,61.706498137965525
2025-06-19T02:30:02.064224,40.35057185233365,74.63006460116785
2025-06-14T00:55:02.064224,31.552862050815428,63.78648901477554
2025-06-08T10:14:02.064224,22.30940336895116,45.251348927034535
2025-06-07T05:56:02.064224,25.87405109789505,53.98851222832968
2025-06-17T18:01:02.064224,34.30993127952439,68.97349149050325
2025-06-20T00:14:02.064224,36.28945877544313,75.92262432937935
2025-06-18T04:30:02.064224,33.32273037438409,89.3493791120761
2025-06-12T08:35:02.064224,28.79712816431164,56.27937056565799
2025-06-10T10:31:02.064224,22.53598177496267,36.89036202550941
2025-06-13T07:16:02.064224,31.56716132948086,53.37316439947072
2025-06-19T03:51:02.064224,39.10338462273728,82.5173797974314
2025-06-12T04:55:02.064224,31.19641182471852,71.82325773589031
2025-06-19T22:55:02.064224,38.255535192137664,71.81036439223394
2025-06-15T22:22:02.064224,36.0697511605574,95.3800181906224
2025-06-09T11:23:02.064224,28.087968527297924,48.10042146813763
2025-06-10T13:42:02.064224,27.78327056919892,69.52632091619917
2025-06-15T23:23:02.064224,37.14991181943701,71.51882804930086
2025-06-19T06:36:02.064224,37.19249583740824,79.7375684644202
2025-06-14T11:34:02.064224,27.769065995715263,80.15038286022457
2025-06-18T03:30:02.064224,37.05780923041045,79.45724320945962
2025-06-09T19:11:02.064224,27.214450907357215,53.23723079130514
2025-06-09T22:56:02.064224,24.57864855200786,43.38962039018455
2025-06-17T16:21:02.064224,32.486001123396,67.90480736365801
2025-06-17T01:39:02.064224,32.398674001118664,71.11487693050856
2025-06-14T11:40:02.064224,34.302799557156014,63.94229835058231
2025-06-10T01:33:02.064224,26.10156362595464,76.50059947459769
2025-06-16T17:07:02.064224,37.231226008074856,82.83474499403769
2025-06-15T16:04:02.064224,40.1132103537256,83.12601336549683
2025-06-17T21:54:02.064224,33.714686468587345,57.53656876564946
2025-06-13T00:45:02.064224,29.09319202745569,72.81966744548569
2025-06-15T22:57:02.064224,33.19787813406003,67.2516300290284
2025-06-07T19:29:02.064224,27.93997721657293,41.3970076811958
2025-06-16T04:52:02.064224,32.64593521343529,79.5140448257198
2025-06-16T04:32:02.064224,40.988567922417296,70.23476913747533
2025-06-09T04:14:02.064224,19.046229883553902,53.94899860392064
2025-06-07T15:48:02.064224,20.364459826388057,63.64107248784252
2025-06-07T03:58:02.064224,30.308769245192053,47.8198136737848
2025-06-14T20:22:02.064224,32.24428391969134,58.831192139490575
2025-06-17T22:49:02.064224,35.117264208250184,62.744737917791
2025-06-12T09:56:02.064224,32.58824756756451,52.07022756732744
2025-06-16T08:24:02.064224,31.463272182406868,76.4702577777395
2025-06-12T05:00:02.064224,30.87599627264482,67.48881490327729
2025-06-15T18:29:02.064224,34.82793742261775,67.65933215441697
2025-06-11T04:05:02.064224,36.76717571016584,47.18333073374481
2025-06-07T05:40:02.064224,21.25034771221241,48.19300903674117
2025-06-12T06:58:02.064224,35.25948280246056,68.44876991198167
2025-06-12T17:20:02.064224,30.005129533608475,46.62796423285677
2025-06-09T17:55:02.064224,22.57823479226497,36.78887390458879
2025-06-11T10:50:02.064224,32.14105983438025,44.95562137629574
2025-06-10T08:42:02.064224,28.813066008363297,57.5169019327449
2025-06-14T13:14:02.064224,28.07045367079333,65.07195921487488
2025-06-11T22:55:02.064224,32.87759574281438,76.77297515637605
2025-06-10T21:30:02.064224,21.7062794842,66.06312534370228
2025-06-18T19:22:02.064224,42.07953609258199,91.11214931145756
2025-06-09T01:51:02.064224,22.452216884590555,61.61334144024991
2025-06-18T14:11:02.064224,34.24806220872958,76.68840867113664
2025-06-15T16:55:02.064224,37.21235878830706,89.03072399347184
2025-06-15T09:30:02.064224,36.957046474274506,85.03317711116095
2025-06-19T00:23:02.064224,37.134369554051865,77.55011870266658
2025-06-12T07:18:02.064224,29.89979045307625,50.7529089030582
2025-06-12T02:52:02.064224,29.887439195201345,67.21808466171899
2025-06-08T19:29:02.064224,32.10594317919335,66.48792206263067
2025-06-09T21:03:02.064224,22.48044713237214,47.68234173709335
2025-06-12T09:18:02.064224,31.203740730520607,51.68904280251668
2025-06-07T18:18:02.064224,29.872228796817065,62.09271276947113
2025-06-19T06:47:02.064224,41.85886821711137,77.59792084079336
2025-06-19T09:13:02.064224,36.59737532744855,78.45243966714095
2025-06-18T02:36:02.064224,34.194126018710165,92.08506527663737
2025-06-10T03:28:02.064224,29.75346210442267,40.747439901664826
2025-06-13T14:16:02.064224,29.043027195908103,51.42085046623463
2025-06-07T07:27:02.064224,22.079204239969595,67.26840639331452
2025-06-10T15:38:02.064224,26.312008021231573,60.557559127435255
2025-06-19T04:53:02.064224,38.38371389757209,82.32771940440097
2025-06-17T22:29:02.064224,37.094406423640585,56.504756380341135
2025-06-19T13:31:02.064224,40.25643571673898,81.40869072727106
2025-06-10T02:38:02.064224,20.36262100904188,67.89107889818719
2025-06-13T14:39:02.064224,34.36629472401766,53.15725912345916
2025-06-11T22:41:02.064224,28.59351755824486,68.9110569276449
2025-06-10T04:33:02.064224,23.883527170681333,34.50811749825139
2025-06-10T01:52:02.064224,24.553105881677894,52.36385147790096
2025-06-13T23:45:02.064224,27.351681570433527,64.97437708156454
2025-06-08T08:40:02.064224,25.042387906629347,62.06447929611322
2025-06-13T06:52:02.064224,32.91993794858529,62.06915669382733
2025-06-09T00:45:02.064224,22.018374368698407,41.59581499568719
2025-06-08T06:34:02.064224,20.031444526274782,61.679697648527096
2025-06-09T18:53:02.064224,30.267363541836566,53.70644998930017
2025-06-16T12:05:02.064224,37.52430649948847,78.35378134224761
2025-06-16T10:17:02.064224,35.43056718257816,81.46784189814576
2025-06-09T22:32:02.064224,18.223330024360155,72.72623959978276
2025-06-16T20:25:02.064224,32.73739970367073,61.17703476773535
2025-06-16T10:52:02.064224,34.70581244858284,75.7446030532107
2025-06-09T10:03:02.064224,29.325095802059444,63.819861021703936
2025-06-08T20:12:02.064224,26.004162610454955,48.22030807786996
2025-06-14T11:22:02.064224,28.09970462786631,67.38373135401862
2025-06-17T21:45:02.064224,36.84465870044134,66.09958458229505
2025-06-15T14:06:02.064224,33.14976794483885,92.9055848754667
2025-06-19T17:54:02.064224,42.68057311808642,81.17114407514119
2025-06-07T05:34:02.064224,30.594018313192077,61.19159907258483
2025-06-08T01:54:02.064224,26.271481897136734,56.88995555702499
2025-06-18T18:26:02.064224,35.38487357970241,67.9844237809191
2025-06-10T14:44:02.064224,28.212161088311294,53.42015180376657
2025-06-07T22:48:02.064224,23.507152319946066,39.937082542694455
2025-06-07T18:47:02.064224,22.19697143506416,62.22234365479073
2025-06-17T07:21:02.064224,35.75004379051631,62.6666578204886
2025-06-10T20:27:02.064224,29.311507707911183,52.14041655215676
2025-06-09T01:06:02.064224,22.237001081034,57.03402782732429
2025-06-18T14:56:02.064224,40.76573545245319,69.68653295225288
2025-06-15T18:54:02.064224,36.11662397759084,75.34549241618186
2025-06-09T18:19:02.064224,26.498105343140285,49.51342246624576
2025-06-13T14:48:02.064224,32.27815838162709,51.88214090048513
2025-06-09T00:28:02.064224,21.54452518550828,67.15434314163764
2025-06-12T18:58:02.064224,37.7956459851395,48.34657919912392
2025-06-13T04:42:02.064224,30.28928907508557,70.33966556754336
2025-06-10T19:37:02.064224,24.80202973263641,64.60266010740645
2025-06-15T09:12:02.064224,31.326183860943207,74.243937342526
2025-06-19T00:01:02.064224,38.96066833578556,81.47853363660207
2025-06-16T12:13:02.064224,33.614798424766654,76.47465113323739
2025-06-07T20:50:02.064224,23.53367805266839,64.43930245999121
2025-06-16T12:24:02.064224,32.89116512614367,69.38239985478134
2025-06-07T04:19:02.064224,28.57214344540505,40.01645650025247
2025-06-09T21:52:02.064224,28.97202925480372,55.08254818059959
2025-06-09T16:42:02.064224,22.820973742639584,58.34538106763487
2025-06-12T16:53:02.064224,29.528637637709217,58.79993527130598
2025-06-10T10:03:02.064224,30.05110304704453,66.06799140295253
2025-06-09T10:50:02.064224,26.02064561690233,66.43766990508848
2025-06-08T05:50:02.064224,25.956110039072477,50.43715802532921
2025-06-18T12:51:02.064224,34.356938277883984,74.12951816895098
2025-06-13T01:26:02.064224,33.15713278640808,78.4029842584481
2025-06-08T13:12:02.064224,22.75393582866412,61.74823659453431
2025-06-15T18:37:02.064224,35.07109565479439,73.04386244248269
2025-06-08T09:20:02.064224,30.856849353380312,54.21833230503917
2025-06-19T05:00:02.064224,31.91085283495249,75.94572389387852
2025-06-12T00:17:02.064224,29.81665208181779,76.07762605700373
2025-06-10T12:10:02.064224,28.07563286395579,61.55163591591885
2025-06-19T00:40:02.064224,36.50558648021679,81.03781255359755
2025-06-12T06:12:02.064224,34.035229772542095,71.06676312371806
2025-06-10T17:19:02.064224,27.44841240790962,62.84642116895802
2025-06-13T05:52:02.064224,32.410859214682205,56.34544933387583
2025-06-10T20:52:02.064224,24.766987053148423,56.09590429332644
2025-06-17T10:24:02.064224,40.31627382263278,69.88239070583953
2025-06-18T02:05:02.064224,32.1763208820027,82.30591279656235
2025-06-14T04:54:02.064224,26.91527912632725,70.84636421525128
2025-06-09T16:23:02.064224,21.620895880109885,40.65515235117087
2025-06-13T04:30:02.064224,27.99203122423672,56.5637243569776
2025-06-14T05:14:02.064224,32.88358002557566,81.65117894014132
2025-06-07T03:00:02.064224,24.15891947493973,58.19048619368601
2025-06-09T18:40:02.064224,18.89374292231537,40.461627041686405
2025-06-18T17:52:02.064224,36.55281410556739,84.01383633730255
2025-06-09T06:49:02.064224,29.67376011068466,49.303122746521744
2025-06-10T12:29:02.064224,26.64226980222881,40.38255067467865
2025-06-16T13:54:02.064224,31.09334766769935,70.88294999533917
2025-06-16T09:46:02.064224,34.98048147520996,77.37128695645883
2025-06-10T00:54:02.064224,23.48921098257824,62.79168493624518
2025-06-15T03:06:02.064224,35.01989172790636,71.88789890084897
2025-06-18T00:43:02.064224,32.494242481585275,66.04149025164668
2025-06-16T06:00:02.064224,37.15671288159663,67.14853394423902
2025-06-09T20:36:02.064224,29.76834783181862,62.00509714410113
2025-06-10T07:26:02.064224,23.25501533767688,60.55180916045466
2025-06-19T06:52:02.064224,41.9728615199464,72.39566910498738
2025-06-18T22:45:02.064224,35.43619770493943,71.05100147311855
2025-06-12T18:01:02.064224,32.989877196984125,68.15592038031026
2025-06-09T12:39:02.064224,25.301728071733468,43.43711623628241
2025-06-12T05:25:02.064224,32.54603838248386,62.32357916031056
2025-06-09T17:26:02.064224,27.90268016023727,54.05041906260205
2025-06-10T20:18:02.064224,27.84590546064264,58.816100837751485
2025-06-18T16:39:02.064224,34.2744586683278,70.34851216495458
2025-06-13T17:40:02.064224,33.79565450537172,76.27745037331673
2025-06-13T03:42:02.064224,27.81276185530833,56.37090203267899
2025-06-17T22:02:02.064224,37.06098092606916,75.7840105854216
2025-06-14T01:40:02.064224,29.14493061478009,63.694115029664175
2025-06-10T09:34:02.064224,25.97089313384133,56.29057130133445
2025-06-19T01:04:02.064224,36.43053630367307,86.10745857659084
2025-06-14T07:16:02.064224,32.873458685640365,64.31290213234855
2025-06-15T17:46:02.064224,34.89285199628714,79.89528859104666
2025-06-11T19:26:02.064224,33.85645620778286,64.22931512829689
2025-06-13T15:34:02.064224,33.08459625724055,77.7773774205273
2025-06-15T17:54:02.064224,35.913571482959966,90.63912097499788
2025-06-12T23:29:02.064224,38.52221838196144,59.74104364244286
2025-06-13T04:01:02.064224,29.86585796008016,54.21448166954623
2025-06-10T08:31:02.064224,22.73309825655675,49.12962425702003
2025-06-12T02:25:02.064224,32.94011471794023,78.877002371397
2025-06-12T07:35:02.064224,32.21143030157491,81.48224875356324
2025-06-11T05:59:02.064224,33.24782281772357,71.31975521858767
2025-06-08T14:41:02.064224,28.48323920937833,62.31359937876361
2025-06-12T10:18:02.064224,32.79474623914691,69.80533498709086
2025-06-08T07:57:02.064224,27.61899979776971,58.43265759685874
2025-06-13T06:40:02.064224,30.95432297694816,74.48269864485135
2025-06-13T08:40:02.064224,34.607970282600554,65.44902090230812
2025-06-16T00:19:02.064224,38.61977395347954,81.9863562218121
2025-06-08T00:19:02.064224,26.4928154411748,48.204703836002345
2025-06-19T12:02:02.064224,40.60328526961309,93.5280785641133
2025-06-14T06:29:02.064224,28.739828351684768,55.96122502863464
2025-06-14T08:26:02.064224,28.54181922806506,61.6675593594878
2025-06-13T00:50:02.064224,31.600569389471644,52.85575518618647
2025-06-09T03:34:02.064224,26.2501932219471,55.89998378384807
2025-06-11T03:48:02.064224,28.711006693257524,62.09860171760482
2025-06-17T02:22:02.064224,35.23083708925746,84.99744076624948
2025-06-09T02:02:02.064224,23.42878385131228,35.62156613884651
2025-06-19T14:13:02.064224,40.91746132696163,87.0010587599496
2025-06-12T06:35:02.064224,33.465737189839565,66.07545934673983
2025-06-15T12:14:02.064224,33.04128173964244,72.36365511084509
2025-06-19T01:35:02.064224,38.33347832524056,88.09448938304837
2025-06-10T22:57:02.064224,31.44797110970501,63.63805289747231
2025-06-09T13:39:02.064224,24.1961529382155,40.60108956001819
2025-06-13T01:45:02.064224,30.947415159734017,79.06945651325083
2025-06-17T00:25:02.064224,36.281718898806126,76.40432101387181
2025-06-13T22:38:02.064224,30.5061948129772,64.92441472384661
2025-06-18T02:47:02.064224,34.42402543604883,76.88925241676925
2025-06-09T09:27:02.064224,22.700675648495043,49.420954408423626
2025-06-07T06:33:02.064224,26.40015610322396,68.09497641184198
2025-06-10T17:56:02.064224,30.120858629938567,44.02696603809196
2025-06-15T05:53:02.064224,36.21943815093482,71.48670217612076
2025-06-15T04:27:02.064224,34.89666194780944,77.78281613235212
2025-06-16T06:40:02.064224,35.56644681073059,59.79977730828479
2025-06-16T06:19:02.064224,35.12401893264474,70.73054187752457
2025-06-08T23:13:02.064224,23.96735627642841,47.75049876595661
2025-06-11T02:02:02.064224,34.094930313283896,71.93299430528177
2025-06-13T23:32:02.064224,33.58263030305234,87.46540538752663
2025-06-08T06:02:02.064224,21.25692652562265,40.78906541848289
2025-06-12T09:09:02.064224,30.33637917454599,41.27309092624139
2025-06-14T14:12:02.064224,26.938189301685902,64.01018276932358
2025-06-13T16:44:02.064224,27.8496734648596,61.82915687275123
2025-06-09T23:56:02.064224,27.78251991550035,72.69569763994394
2025-06-19T08:05:02.064224,40.97650596998272,70.86048694669559
2025-06-19T07:38:02.064224,39.443527891729445,97.16462906890128
2025-06-14T00:30:02.064224,31.289352519700937,69.12765829183508
2025-06-13T04:48:02.064224,31.3978095017354,73.76084329812288
2025-06-15T22:13:02.064224,31.968572078065,70.43837801244565
2025-06-16T15:19:02.064224,35.44376838006811,78.28501312647748
2025-06-16T13:04:02.064224,32.30478628947804,74.68953364645597
2025-06-08T01:00:02.064224,30.889618206120453,46.98258581437228
2025-06-09T08:13:02.064224,21.644264547889517,55.89981009825233
2025-06-18T22:22:02.064224,37.21710772167904,96.04354534215298
2025-06-20T01:06:02.064224,36.06479855598232,78.23331154054344
2025-06-07T03:13:02.064224,24.90795642844019,61.19348085854557
2025-06-07T09:19:02.064224,27.251954406232684,56.13988587798025
2025-06-14T07:35:02.064224,29.2565490998243,65.34406452519295
2025-06-09T09:51:02.064224,24.72714005554333,62.00908802901992
2025-06-12T11:56:02.064224,28.349307389530747,52.67537716191932
2025-06-14T23:27:02.064224,36.07039349202033,82.04383376676063
2025-06-08T01:47:02.064224,24.47606073745679,65.10526110200603
2025-06-13T20:19:02.064224,33.399691865758946,82.1114093464106
2025-06-09T16:00:02.064224,25.60493646299336,49.61363437941949
2025-06-17T10:36:02.064224,36.86958736969711,84.0029955126724
2025-06-09T22:48:02.064224,21.822566060249265,75.81465500036421
2025-06-14T02:48:02.064224,32.965620696674314,60.49537926301243
2025-06-11T19:03:02.064224,29.950785046891944,61.54243543144669
2025-06-17T23:58:02.064224,33.382111160192984,91.40985459204416
2025-06-07T07:40:02.064224,22.050217851095137,71.54547384650807
2025-06-17T06:13:02.064224,34.69351950281282,78.74830290134568
2025-06-16T21:14:02.064224,32.30104297207334,83.97494135644456
2025-06-10T11:39:02.064224,27.22147133089953,63.880639019326594
2025-06-13T10:28:02.064224,27.930613087805952,60.11537511138817
2025-06-13T09:56:02.064224,29.202211186442508,75.51891119058271
2025-06-12T10:55:02.064224,30.84062516042515,69.37512061712023
2025-06-15T05:40:02.064224,40.65294951598648,74.8859228133793
2025-06-16T13:59:02.064224,37.49021815899774,74.24013217534807
2025-06-08T08:55:02.064224,21.20854451281456,77.22257994816495
2025-06-08T10:52:02.064224,19.388940627948607,55.30194232879829
2025-06-18T20:41:02.064224,37.120615770771686,78.20714546459355
2025-06-11T16:31:02.064224,28.621879508148798,69.35994699116715
2025-06-13T12:07:02.064224,39.05949325040783,71.12116009806911
2025-06-07T16:08:02.064224,20.77995352983964,63.3519676390582
2025-06-19T06:03:02.064224,39.82845853327986,99.75696263215865
2025-06-07T09:29:02.064224,21.760741737667917,45.26770407261657
2025-06-18T01:14:02.064224,30.767451224041714,73.53568419482121
2025-06-07T17:26:02.064224,29.962368169153493,59.279004999423954
2025-06-06T23:50:02.064224,22.3714532674148,48.50220903654296
2025-06-13T10:04:02.064224,28.76722451083484,63.29737420109062
2025-06-17T02:16:02.064224,31.97255161182188,84.76841155949154
2025-06-18T14:38:02.064224,38.84440499496672,96.30984769745037
2025-06-07T09:37:02.064224,28.47894473503969,38.67954741461834
2025-06-12T07:59:02.064224,34.548156667438725,60.855105211990725
2025-06-17T08:06:02.064224,30.508686999575566,73.43924071314012
2025-06-16T15:32:02.064224,35.34880576143942,88.16700868584661
2025-06-18T23:26:02.064224,38.84837659894804,85.06704361261839
2025-06-13T20:01:02.064224,29.847927009459127,76.33234242379758
2025-06-09T12:48:02.064224,25.11139816144317,53.03584074745446
2025-06-08T05:43:02.064224,25.842945175023612,58.65212329061072
2025-06-10T06:40:02.064224,20.874253580877088,53.158985581808416
2025-06-17T14:34:02.064224,33.55723410149343,71.51474116229014
2025-06-17T14:19:02.064224,31.89975076030004,77.37893984539319
2025-06-16T01:28:02.064224,35.96796293878409,79.16599418663507
2025-06-16T23:31:02.064224,33.24492887600038,76.00687503645298
2025-06-19T16:07:02.064224,32.98259415345664,81.76862621894534
2025-06-09T14:36:02.064224,26.321920318913797,67.0681226464178
2025-06-11T03:02:02.064224,32.821149843450144,53.67973137895248
2025-06-07T17:43:02.064224,25.31267866414632,37.05210520590525
2025-06-16T19:15:02.064224,37.38488544900873,61.80336283437877
2025-06-18T23:43:02.064224,35.26528551228481,93.67406429405166
2025-06-10T17:28:02.064224,21.79583615152617,64.02759804183705
2025-06-09T00:33:02.064224,20.978789295754726,61.69338704276584
2025-06-07T07:21:02.064224,24.81527928516223,62.51924344375584
2025-06-15T02:55:02.064224,37.02059732061238,83.2147077218887
2025-06-17T03:04:02.064224,38.57329879939625,76.53711744735591
2025-06-17T04:04:02.064224,29.54924060696901,92.77026849891334
2025-06-07T12:08:02.064224,26.72821944310929,52.36080158137472
2025-06-09T23:12:02.064224,23.095128154544373,65.74016862738189
2025-06-08T16:31:02.064224,23.10581594890448,53.18553323242782
2025-06-10T04:59:02.064224,20.24292565934451,68.05345904506333
2025-06-15T16:23:02.064224,35.9178409521344,69.98988404469739
2025-06-20T01:35:02.064224,39.90692746902328,75.9466327149255
2025-06-10T19:42:02.064224,19.726416365644823,51.65931582358901
2025-06-18T00:08:02.064224,34.14155957007405,91.0893513834121
2025-06-11T01:29:02.064224,33.43160977512535,73.9815050428494
2025-06-14T01:20:02.064224,32.48568612507303,45.94771342626897
2025-06-18T11:48:02.064224,42.16220291593007,95.09747215935536
2025-06-13T00:20:02.064224,35.97774435646502,55.3245506819341
2025-06-15T02:23:02.064224,35.553185570167926,94.1384010397342
2025-06-15T07:55:02.064224,35.16571567688844,85.84080000057371
2025-06-08T09:30:02.064224,17.864371881971415,71.62664648337166
2025-06-14T05:22:02.064224,33.24801717250664,51.16682748670032
2025-06-13T05:41:02.064224,32.19246862260032,73.03805609034315
2025-06-08T04:29:02.064224,26.331939118538497,59.76950278208915
2025-06-17T06:45:02.064224,34.67955620302196,70.85602855569933
2025-06-10T06:22:02.064224,22.18696118158989,66.08851652417356
2025-06-12T08:23:02.064224,33.27565878732082,83.2683357606027
2025-06-07T06:22:02.064224,21.383034846147797,55.39278264465008
2025-06-09T14:58:02.064224,26.01931002349363,51.784424314448486
2025-06-12T11:17:02.064224,32.00696794988959,64.43932910692213
2025-06-18T06:24:02.064224,40.02974199255059,92.1728400647165
2025-06-12T17:12:02.064224,33.23953046594888,75.41947730044778
2025-06-17T03:32:02.064224,37.25293231253285,70.48603590333943
2025-06-15T22:00:02.064224,37.57284107571025,71.55216797376946
2025-06-18T16:05:02.064224,41.99755538668766,65.97529971966387
2025-06-15T20:13:02.064224,36.18810462123147,86.04571775517726
2025-06-19T11:40:02.064224,37.30472134247092,82.35099092612874
2025-06-15T10:04:02.064224,34.938899876989105,77.31444408219552
2025-06-10T18:38:02.064224,29.940573959811907,59.551837146252126
2025-06-16T14:40:02.064224,32.46871275059197,81.83311097160849
2025-06-09T13:11:02.064224,26.679743470770227,45.64229328490269
2025-06-17T10:44:02.064224,34.03524056625952,75.5664560798092
2025-06-18T05:16:02.064224,36.1841161853073,87.63998711875145
2025-06-10T12:24:02.064224,22.37196966946297,63.94438844898281
2025-06-19T15:09:02.064224,36.80353603188637,89.87798730895244
2025-06-17T15:12:02.064224,35.078427431615545,83.9102632506737
2025-06-15T09:35:02.064224,32.99133039308561,84.67247079426552
2025-06-10T19:01:02.064224,21.833569374672997,56.90616866380692
2025-06-11T15:06:02.064224,33.791629687032284,66.69510603490721
2025-06-11T11:13:02.064224,27.776677915560416,63.92944464724706
2025-06-17T14:00:02.064224,35.32590592946116,78.3579855698626
2025-06-07T23:00:02.064224,20.35092023849351,57.076708150838925
2025-06-17T02:30:02.064224,33.66800760727886,89.43172783624239
2025-06-10T18:20:02.064224,26.52980676627582,56.806118827904434
2025-06-13T20:09:02.064224,37.44008163627509,70.88406271088432
2025-06-12T04:47:02.064224,33.80967955588922,75.02799844652304
2025-06-09T18:33:02.064224,27.3875396817772,45.66269691411062
2025-06-18T08:54:02.064224,37.561516934245496,76.99146231863917
2025-06-19T17:06:02.064224,38.46222700479936,73.65546133294397
2025-06-14T09:20:02.064224,27.823514373790147,73.91344420074923
2025-06-13T03:23:02.064224,32.711946614022324,57.73137379251401
2025-06-07T04:09:02.064224,22.29394701413711,54.1748806221108
2025-06-18T15:10:02.064224,33.59304353418693,95.61194017862027
2025-06-07T03:38:02.064224,30.191418166654515,57.48476975997718
2025-06-15T20:26:02.064224,36.96964283472869,94.12909395407031
2025-06-15T15:11:02.064224,33.32703770935818,74.44352557381306
2025-06-19T09:26:02.064224,37.05108646541276,72.76659665249991
2025-06-07T16:54:02.064224,26.58373345787713,51.3984109777459
2025-06-12T10:42:02.064224,30.933211851656907,69.0266502939728
2025-06-09T16:09:02.064224,23.04047650404904,65.98513642117119
2025-06-16T22:32:02.064224,38.52620313906636,68.97711311374013
2025-06-19T15:46:02.064224,36.75229547365142,77.1725770129995
2025-06-14T14:59:02.064224,31.04001811203775,78.98408546966135
2025-06-16T02:12:02.064224,39.04446305766277,67.05671871412784
2025-06-09T16:55:02.064224,27.074142843178866,62.35960040292913
2025-06-07T03:22:02.064224,21.40796347431377,53.37614334992597
2025-06-12T22:17:02.064224,33.95590047085105,60.02129758089903
2025-06-12T11:51:02.064224,29.978137952251263,82.71276142776465
2025-06-19T23:55:02.064224,36.33021467833488,96.52047563978871
2025-06-19T19:12:02.064224,40.40527146861545,81.05134491983233
2025-06-11T07:24:02.064224,30.82933877499523,51.84056570182801
2025-06-17T19:36:02.064224,35.584221219682846,66.29887683484702
2025-06-19T10:15:02.064224,39.84863304663821,68.47286845222757
2025-06-09T06:59:02.064224,23.351063703148043,56.07321237490997
2025-06-16T14:52:02.064224,36.77359447579624,84.82285541499014
2025-06-10T20:11:02.064224,28.2253695078711,52.65437321327603
2025-06-18T18:01:02.064224,37.8230386764064,73.14680069264493
2025-06-18T15:37:02.064224,42.5962042635642,79.2427929392335
2025-06-16T04:42:02.064224,34.686614224885275,61.84436840306134
2025-06-10T18:06:02.064224,29.35959111101213,66.84921535929084
2025-06-19T05:07:02.064224,37.844782476490586,89.03805696624417
2025-06-12T22:08:02.064224,31.81535560700908,69.06835548780626
2025-06-19T20:00:02.064224,35.97337440408548,85.3553884051559
2025-06-09T23:06:02.064224,28.78827092235479,42.91858027927071
2025-06-07T15:56:02.064224,24.254874870023237,44.88693736590636
2025-06-19T23:43:02.064224,36.02325570514169,58.40236304217191
2025-06-12T16:31:02.064224,30.12195049682864,76.17688151719105
2025-06-13T23:57:02.064224,33.4138174056266,63.336980310522165
2025-06-16T09:37:02.064224,36.71909691299578,73.46624984082402
2025-06-07T19:44:02.064224,20.535861250983626,61.9647959046079
2025-06-12T19:23:02.064224,31.229625173912897,75.53276726609778
2025-06-12T19:18:02.064224,34.89985134407154,70.56058046684197
2025-06-13T21:34:02.064224,29.95415611326772,84.49261602821741
2025-06-14T19:30:02.064224,34.21378939492012,83.356523186329
2025-06-16T02:01:02.064224,31.917019277510036,71.60240718757318
2025-06-12T20:01:02.064224,30.207366024869017,68.77684765289878
2025-06-10T08:05:02.064224,23.808513555250837,50.16495531062098
2025-06-08T00:14:02.064224,30.840421638770582,58.33260842879576
2025-06-19T19:41:02.064224,42.11227135100611,67.78441131135986
2025-06-12T07:53:02.064224,32.523773245979115,73.52430309348999
2025-06-14T15:15:02.064224,30.783150105334137,70.21710014950844
2025-06-17T06:00:02.064224,35.77090494377501,83.96414960604409
2025-06-14T14:21:02.064224,34.237726062856275,64.9763384828233
2025-06-16T08:53:02.064224,32.80142959787178,83.23359366881967
2025-06-08T14:02:02.064224,28.756168925636487,65.633055197625
2025-06-09T08:56:02.064224,27.40794861998284,57.98784850749068
2025-06-09T02:15:02.064224,24.447208456359657,62.782607574572445
2025-06-10T10:45:02.064224,27.45528031398408,55.45137908855716
2025-06-17T23:11:02.064224,35.56431251779105,68.16217413603647
2025-06-10T11:27:02.064224,24.684660960001743,67.36795132600298
2025-06-13T20:29:02.064224,28.463965445292185,65.10147323769024
2025-06-16T16:01:02.064224,32.83907206222928,83.42692029992676
2025-06-11T04:36:02.064224,29.93990943678245,61.55380551115128
2025-06-08T12:39:02.064224,28.5477010195065,42.79403822273591
2025-06-14T06:43:02.064224,30.21038475235624,72.8162968532719
2025-06-09T04:36:02.064224,25.34143148487137,60.644943908478254
2025-06-19T10:52:02.064224,41.17999157736061,87.66070864909155
2025-06-10T23:37:02.064224,30.08651060041728,69.46844683117257
2025-06-08T18:05:02.064224,22.01385343302317,45.35458794708798
2025-06-08T07:51:02.064224,23.284242664797084,62.24175720153135
2025-06-15T01:27:02.064224,34.14535585451236,65.87012898061683
2025-06-14T21:41:02.064224,34.7331409730387,85.11325928350132
2025-06-18T01:52:02.064224,33.67735497926364,56.62130424191948
2025-06-09T04:44:02.064224,20.75704465652336,65.2224805427323
2025-06-08T06:47:02.064224,26.32545609469213,35.33283707580906
2025-06-14T18:39:02.064224,34.23264010754338,51.23873160232828
2025-06-12T07:11:02.064224,36.55125805016952,66.76586313041241
2025-06-12T13:39:02.064224,31.48103055957859,62.28845779620092
2025-06-16T13:39:02.064224,33.533030435492385,75.22668701303189
2025-06-16T16:59:02.064224,38.053831375131146,75.89756880180232
2025-06-07T19:16:02.064224,28.692474707565605,51.19400444423519
2025-06-07T12:45:02.064224,27.10346767798218,48.93120322802648
2025-06-07T02:19:02.064224,19.58334125303442,63.06074748433981
2025-06-13T17:58:02.064224,31.232777764929285,84.0205402537797
2025-06-16T02:46:02.064224,33.86725870624293,82.47579227485701
2025-06-14T16:04:02.064224,31.560388703692126,49.11839386708306
2025-06-14T22:54:02.064224,33.09293249797917,85.45644129520113
2025-06-18T19:05:02.064224,40.49141691883204,91.29888061415572
2025-06-08T14:22:02.064224,26.410449890857848,44.592240935395054
2025-06-18T02:31:02.064224,33.198482883665044,79.25145873087787
2025-06-13T02:08:02.064224,34.09260861559712,74.46959581307779
2025-06-16T00:46:02.064224,30.37355868029197,84.41504644681994
2025-06-07T05:08:02.064224,21.499316159001296,64.01268422277953
2025-06-10T21:51:02.064224,27.50164975582569,69.0206460395558
2025-06-15T07:13:02.064224,36.96999051255371,71.29409918894699
2025-06-14T03:22:02.064224,30.42337178044042,67.14225833879192
2025-06-17T01:49:02.064224,33.15924214048145,74.17336658943032
2025-06-17T15:31:02.064224,36.69942580015894,68.66302812334958
2025-06-14T21:05:02.064224,32.856951167695115,60.10601371981719
2025-06-15T02:42:02.064224,34.446192340099046,73.6026807258464
2025-06-18T14:05:02.064224,35.43923691367966,87.07030893056141
2025-06-16T02:33:02.064224,32.760014368697846,77.63377480799711
2025-06-12T21:35:02.064224,29.456939038381883,87.39488568680153
2025-06-11T06:51:02.064224,28.21804135336969,50.48628408723752
2025-06-14T14:39:02.064224,33.953242417501706,60.0868999970686
2025-06-17T12:12:02.064224,34.24262434274223,81.19331749325163
2025-06-14T01:05:02.064224,30.82921811147377,83.074452442348
2025-06-18T21:56:02.064224,42.11119803827123,89.44600455806915
2025-06-18T07:27:02.064224,39.21064976895064,92.01840108811578
2025-06-07T23:19:02.064224,25.421356376234105,60.485886871528805
2025-06-14T09:01:02.064224,33.35913244466868,75.01355767988785
2025-06-14T13:39:02.064224,31.179639037960968,64.54129042514842
2025-06-08T00:02:02.064224,28.592922904233152,68.71940317929175
2025-06-14T05:05:02.064224,32.42477952319988,64.07309774753229
2025-06-19T19:53:02.064224,35.8162663120091,72.97384125101019
2025-06-11T03:54:02.064224,32.555935753190255,78.67612748227857
2025-06-11T10:00:02.064224,34.138396344785015,68.34842073636266
2025-06-12T04:21:02.064224,33.50488767526562,77.11253186018247
2025-06-19T02:53:02.064224,41.69504512072117,77.53779398340254
2025-06-07T14:01:02.064224,22.435662219562605,60.88368578637126
2025-06-15T08:03:02.064224,34.63840532064078,76.5456147362105
2025-06-10T16:11:02.064224,27.546595333149057,74.45884700674267
2025-06-15T04:00:02.064224,34.483011235601914,72.92653863349113
2025-06-17T09:50:02.064224,31.642071101185493,59.64829803942368
2025-06-18T03:39:02.064224,33.27433584502613,76.8719486343829
2025-06-15T14:32:02.064224,32.42413624776732,60.94529138100374
2025-06-09T17:09:02.064224,24.769820937914684,75.9814585588064
2025-06-14T19:25:02.064224,32.575932612821376,54.678496571857536
2025-06-14T23:13:02.064224,35.09831321427652,80.36268221212494
2025-06-12T02:11:02.064224,32.05812933847123,49.50032647627574
2025-06-12T20:44:02.064224,31.87185259984776,81.59036172805857
2025-06-11T04:47:02.064224,26.51142307219877,50.7096540671147
2025-06-11T00:10:02.064224,32.29199271518173,57.1137510737584
2025-06-11T16:02:02.064224,33.46629549679816,52.81576854183549
2025-06-16T22:08:02.064224,37.83489909828216,61.15284793655445
2025-06-14T07:45:02.064224,33.23988344549132,68.13336546992714
2025-06-07T15:37:02.064224,28.05698074042075,52.752677872793214
2025-06-17T23:40:02.064224,32.7528145562726,77.31275154187117
2025-06-14T09:59:02.064224,27.200609156671344,75.62309135900885
2025-06-17T15:05:02.064224,36.16273400928933,78.2838208803132
2025-06-18T12:39:02.064224,40.560834770444856,67.94402953606694
2025-06-15T18:05:02.064224,36.189303297683885,89.39317436811548
2025-06-12T21:02:02.064224,29.769440652048765,68.33024963798199
2025-06-15T15:29:02.064224,38.73255762178143,60.51178070579965
2025-06-13T10:14:02.064224,30.658377386848308,76.26156678897604
2025-06-16T19:07:02.064224,33.49583351150445,86.99884503638675
2025-06-18T22:57:02.064224,41.46971284470352,88.21600015134639
2025-06-09T03:22:02.064224,24.609182168107463,40.78962336243856
2025-06-17T03:45:02.064224,35.136581284024246,75.64041032731492
2025-06-09T23:34:02.064224,30.463342188133552,45.60026950929097
2025-06-10T05:47:02.064224,23.037883470712487,50.82722140236454
2025-06-10T11:13:02.064224,25.82522410148789,74.7977563233976
2025-06-19T02:17:02.064224,41.81555502909749,68.75504639892054
2025-06-16T07:17:02.064224,39.155834226536,64.61079677533104
2025-06-14T12:34:02.064224,26.834210654654235,48.03900166223816
2025-06-17T04:17:02.064224,37.03860556897605,67.82108247459152
2025-06-08T05:37:02.064224,20.08925953042384,43.5331083139261
2025-06-09T14:27:02.064224,23.667662161594,61.36672895274042
2025-06-18T00:57:02.064224,36.34757203075951,80.64657621561977
2025-06-11T02:41:02.064224,29.72903849699956,80.05151867492005
2025-06-15T09:41:02.064224,34.15523322033132,67.07432736654822
2025-06-19T09:45:02.064224,39.34175638852045,91.8722635680234
2025-06-09T05:21:02.064224,28.831514524323637,37.382462025571535
2025-06-16T16:11:02.064224,38.89996640149799,79.65555427269351
2025-06-09T22:19:02.064224,29.112456739432925,58.70338284811884
2025-06-17T17:42:02.064224,33.38729245768144,68.25709770934974
2025-06-18T10:36:02.064224,36.76692304952145,80.66696691062748
2025-06-16T18:02:02.064224,35.16576231722856,90.97955482467492
2025-06-19T00:35:02.064224,39.92587193134945,73.87727584881475
2025-06-14T06:55:02.064224,29.985708134600397,69.63661527546655
2025-06-17T13:19:02.064224,38.44329709969988,80.3370667745743
2025-06-11T18:25:02.064224,31.38136239113317,73.6933664739931
2025-06-13T00:33:02.064224,28.00667767712717,71.45188829055809
2025-06-19T07:20:02.064224,35.411970964154655,80.04606782071586
2025-06-13T02:03:02.064224,32.08199698823367,63.78516830880663
2025-06-19T09:39:02.064224,34.9771962069242,98.02057814012234
2025-06-19T15:15:02.064224,40.24304177520296,84.94658237213056
2025-06-08T07:01:02.064224,24.29119993450401,45.08125183014651
2025-06-08T08:09:02.064224,23.068836987855224,48.13353597285183
2025-06-08T20:51:02.064224,27.87898666228065,47.85280881841801
2025-06-16T09:12:02.064224,37.477327180231,67.18041388159645
2025-06-17T17:15:02.064224,36.37271054412686,69.4697015571165
2025-06-15T23:09:02.064224,35.65949404410078,72.1978029271258
2025-06-16T18:21:02.064224,32.85511347564171,84.25336514906112
2025-06-10T04:20:02.064224,23.84635427048408,63.905190362800944
2025-06-17T02:53:02.064224,35.480028501428095,81.2982475522626
2025-06-18T08:33:02.064224,36.79270715644366,93.2695029734263
2025-06-17T20:42:02.064224,36.13542247266694,61.15520917189591
2025-06-14T04:48:02.064224,29.71079649188496,70.56483129121602
2025-06-07T11:52:02.064224,27.738524057082223,56.084195996810536
2025-06-09T21:27:02.064224,19.867685170740305,51.40325356949374
2025-06-17T13:36:02.064224,35.87488856566909,97.28068546117134
2025-06-13T04:25:02.064224,32.25797514672812,64.22862210551239
2025-06-11T07:13:02.064224,31.96456076825793,79.31830408926122
2025-06-13T14:22:02.064224,30.750552627140237,81.14001225662561
2025-06-18T03:18:02.064224,36.557122751069976,74.3138768910798
2025-06-19T22:47:02.064224,41.04719910135622,85.69373385111267
2025-06-13T22:20:02.064224,33.666978519034714,70.06445049937504
2025-06-13T07:49:02.064224,28.528064602231574,62.00934816388565
2025-06-18T21:13:02.064224,35.73032415226667,100.0
2025-06-17T19:15:02.064224,38.58156127864145,77.39583534139166
2025-06-16T07:28:02.064224,37.60481293229527,70.7398338905559
2025-06-08T11:36:02.064224,19.461462321872627,38.21835356355837
2025-06-13T02:44:02.064224,34.75570154841015,40.03071646200485
2025-06-14T14:00:02.064224,34.31995911286147,82.01908514440657
2025-06-19T14:51:02.064224,35.721050320952685,80.84714693175478
2025-06-12T03:59:02.064224,30.01994892510896,64.55538489095967
2025-06-14T10:55:02.064224,33.1892860992195,56.15185799882176
2025-06-11T08:02:02.064224,31.59717333846328,60.71173403904003
2025-06-17T12:25:02.064224,31.01508296909805,66.07386327129188
2025-06-18T13:16:02.064224,41.7578856128651,71.28987529093862
2025-06-13T06:26:02.064224,34.966897809681655,58.28942742810717
2025-06-13T16:09:02.064224,29.456328577163784,67.36650657415343
2025-06-19T20:17:02.064224,36.08585557771575,74.5750881815509
2025-06-17T19:23:02.064224,35.07206320165491,70.1423213590517
2025-06-11T14:11:02.064224,33.829081358174626,69.71878634566555
2025-06-16T19:27:02.064224,33.936467244689574,88.58185140117558
2025-06-14T12:18:02.064224,30.57441908180544,77.84341974091342
2025-06-19T23:36:02.064224,43.13360783695803,78.79925443098797
2025-06-17T12:59:02.064224,35.79965173708288,82.03917472074177
2025-06-12T13:52:02.064224,30.268905138926566,79.84776821378024
2025-06-13T18:56:02.064224,33.05408851366354,55.5444789141917
2025-06-13T09:21:02.064224,32.0514174437898,67.68219187682479
2025-06-12T15:26:02.064224,30.195599447446188,73.40387227762004
2025-06-13T16:20:02.064224,32.41303252434341,51.39064071991837
2025-06-14T03:48:02.064224,28.920463435237725,64.91764963756388
2025-06-19T09:19:02.064224,40.399510951225366,84.20210432901727
2025-06-14T04:24:02.064224,30.761570486964647,70.22283889101571
2025-06-09T08:43:02.064224,24.221109319440533,60.45383450884588
2025-06-10T14:33:02.064224,25.3904261366628,63.5818242738879
2025-06-15T05:01:02.064224,38.24542652343372,78.41079649062193
2025-06-16T15:43:02.064224,33.8806139020288,72.68394694727886
2025-06-19T09:08:02.064224,41.604179620864365,88.54393210323848
2025-06-14T12:46:02.064224,31.28286536958485,65.20525353294687
2025-06-08T19:05:02.064224,26.65965444385569,54.326087057716535
2025-06-19T04:13:02.064224,39.35091228898368,75.23152054231548
2025-06-18T06:03:02.064224,41.57919926561472,89.28061559170509
2025-06-07T20:14:02.064224,26.520865048220173,61.84808196085962
2025-06-14T23:05:02.064224,39.282434179998745,85.63311020673139
2025-06-07T13:33:02.064224,22.539352241240856,48.763878142036965
2025-06-17T17:51:02.064224,34.20577851251391,70.50856238942522
2025-06-08T00:53:02.064224,27.304437159783912,43.63241587303978
2025-06-15T16:40:02.064224,33.75819382025294,92.35683738296773
2025-06-11T15:44:02.064224,34.87990091354246,56.43609255596182
2025-06-10T04:51:02.064224,19.60915240661291,36.5709676219777
2025-06-18T21:39:02.064224,38.22077889717223,87.36997540260785
2025-06-19T20:27:02.064224,39.93457937715923,67.20587114348784
2025-06-19T12:19:02.064224,36.55241427509721,65.10033392263803
2025-06-09T05:43:02.064224,25.53303130412602,69.37016562481462
2025-06-08T02:45:02.064224,22.80197608793224,75.49128648038464
2025-06-07T20:41:02.064224,20.26720654453121,38.57787059519193
2025-06-09T20:08:02.064224,24.3050142185258,58.94790032054932
2025-06-16T06:06:02.064224,34.51965197464705,61.71060264286224
2025-06-09T01:16:02.064224,25.309753936220147,51.8601273017433
2025-06-11T10:45:02.064224,32.93659206848593,69.39695467150145
2025-06-15T14:19:02.064224,33.23195590781846,85.11333689649051
2025-06-14T16:47:02.064224,28.45263440698341,63.4423851666144
2025-06-11T10:20:02.064224,33.53678792612834,82.95568460579508
2025-06-16T16:33:02.064224,37.766623755140856,81.49416902302052
2025-06-07T01:12:02.064224,24.784713709681977,53.31479524878178
2025-06-15T06:51:02.064224,34.22502892854814,74.76953535542404
2025-06-08T19:38:02.064224,23.460817591416344,55.6516132085844
2025-06-14T02:08:02.064224,35.736121632581145,49.06730349785813
2025-06-12T07:26:02.064224,31.946173437426875,64.62304157486784
2025-06-19T13:36:02.064224,38.37571745802334,84.259482735962
2025-06-17T11:02:02.064224,35.71000416036863,73.87944819676277
2025-06-10T23:49:02.064224,29.404558451053592,72.84158468001401
2025-06-10T16:42:02.064224,20.12588479358075,32.30301842027387
2025-06-17T14:08:02.064224,35.59581583690967,53.04050966282891
2025-06-17T16:50:02.064224,38.0476846573022,78.17187194678789
2025-06-11T03:34:02.064224,30.076080613743,80.74460850286148
2025-06-09T04:51:02.064224,23.11000740784275,62.91693695856896
2025-06-09T14:13:02.064224,25.278865699902024,77.6399695174639
2025-06-09T03:48:02.064224,27.731588030695185,72.88304124198778
2025-06-08T10:24:02.064224,25.30728381705385,31.32182480107079
2025-06-13T21:14:02.064224,30.56694241964996,58.72601015953446
2025-06-08T12:46:02.064224,29.90459568215888,64.32329259676725
2025-06-13T10:54:02.064224,29.868935132736617,67.58250566466043
2025-06-12T08:48:02.064224,29.19823284273288,60.779899432718096
2025-06-12T18:26:02.064224,32.27650212397118,57.10189049166985
2025-06-12T13:20:02.064224,30.7620306373026,57.82912461474056
2025-06-17T08:58:02.064224,38.37541193503597,66.92987209829491
2025-06-11T14:27:02.064224,29.755949738200847,78.7784978891966
2025-06-18T01:28:02.064224,31.347398359086554,93.27424809574566
2025-06-10T13:10:02.064224,28.912406812511023,52.412473922249006
2025-06-17T19:05:02.064224,34.02812172057325,91.93767328655868
2025-06-11T14:58:02.064224,30.391034813598885,53.66218117161001
2025-06-18T08:10:02.064224,35.5042807178122,85.1911181729669
2025-06-11T19:21:02.064224,34.86068659683058,88.72033612164006
2025-06-16T23:54:02.064224,32.81191927584055,64.99121285926084
2025-06-08T03:20:02.064224,22.86518141564008,52.09127487765674
2025-06-19T15:32:02.064224,35.84049863031839,83.40762488315946
2025-06-11T12:00:02.064224,29.192058508284987,68.83841066670392
2025-06-07T04:55:02.064224,27.584080636130103,44.02508091265937
2025-06-14T03:35:02.064224,26.233906377937085,53.07664337726565
2025-06-07T08:04:02.064224,25.39914505029121,52.7758288047808
2025-06-07T15:18:02.064224,27.34449970165871,44.16792532104463
2025-06-12T13:28:02.064224,30.300585158510085,74.61206979272609
2025-06-09T15:08:02.064224,19.343638159996484,65.30537979890292
2025-06-17T15:48:02.064224,35.24173974707188,76.70760267877748
2025-06-16T02:56:02.064224,29.99888252117401,80.4769196873669
2025-06-10T12:05:02.064224,30.04022404061,55.31696871166096
2025-06-17T18:44:02.064224,32.027763146095495,90.51255905221184
2025-06-17T23:00:02.064224,34.01082694361052,62.3480683839711
2025-06-19T10:07:02.064224,38.99260862464117,81.32839985249724
2025-06-16T11:16:02.064224,32.753533347776,75.8837526296198
2025-06-15T12:47:02.064224,33.95843219151933,66.59940668689934
2025-06-18T10:55:02.064224,36.18808387439055,89.00698818052344
2025-06-10T00:04:02.064224,27.770617927721943,58.013627878152725
2025-06-15T04:17:02.064224,34.70759629579458,77.24910711189081
2025-06-10T23:55:02.064224,35.08220526593523,81.70465258892257
2025-06-15T19:13:02.064224,34.81727136464098,63.084421803548175
2025-06-15T13:08:02.064224,33.49527626430236,66.56131645350719
2025-06-11T16:54:02.064224,28.741407929168737,60.1422435938426
2025-06-17T05:06:02.064224,33.65968660537218,83.52653606943166
2025-06-12T12:16:02.064224,30.566950704177238,53.60675910155658
2025-06-14T22:26:02.064224,33.880785497556694,63.81447444846372
2025-06-11T13:25:02.064224,29.75796001813654,66.27864639507129
2025-06-15T20:36:02.064224,34.3064774855333,78.43660334124802
2025-06-15T21:15:02.064224,34.65993926110635,81.21519170337918
2025-06-17T09:07:02.064224,35.10227807577283,88.47914292088613
2025-06-18T14:45:02.064224,35.65843091399409,62.57467301760357
2025-06-08T22:33:02.064224,30.50288891574512,49.03886335754267
2025-06-13T20:49:02.064224,30.845712066007746,68.21652087537686
2025-06-14T03:53:02.064224,26.08455589432576,82.81230525170196
2025-06-14T21:13:02.064224,31.437988299921244,59.02042918778773
2025-06-08T14:57:02.064224,30.692586678154782,40.67285070005947
2025-06-14T09:48:02.064224,32.53971285401034,77.0291969583352
2025-06-19T08:21:02.064224,41.544137444554096,96.82537309260876
2025-06-14T08:13:02.064224,30.97457024305685,64.7985813909225
2025-06-19T13:17:02.064224,40.68483352764768,74.56435585907239
2025-06-08T21:59:02.064224,26.942502141619705,37.78241469236084
2025-06-08T12:12:02.064224,30.346786757220983,49.04119951409125
2025-06-18T07:19:02.064224,39.99767032780057,99.83730374480486
2025-06-16T10:42:02.064224,37.437467497591896,71.88902035234132
2025-06-13T21:40:02.064224,27.66689596485118,72.78998939667574
2025-06-07T02:11:02.064224,19.93757619232568,45.12228577994081
2025-06-18T22:35:02.064224,35.476006274670446,91.61223263333233
2025-06-14T09:31:02.064224,34.56689502288932,81.48096390220574
2025-06-11T09:17:02.064224,32.16305128944129,78.20434439872308
2025-06-16T20:34:02.064224,35.56113194444177,99.8386026479434
2025-06-07T05:13:02.064224,28.80662427412509,58.26617977096838
2025-06-07T09:55:02.064224,26.841589132696768,53.2080968541137
2025-06-08T12:58:02.064224,21.868548588795765,45.888283761642185
2025-06-16T22:53:02.064224,38.59719560430169,90.40339554979636
2025-06-09T07:56:02.064224,20.884140635655395,36.27578546872613
2025-06-15T17:31:02.064224,34.838651683650944,89.3610135928086
2025-06-11T08:26:02.064224,31.582430215942928,61.14147831062135
2025-06-12T11:12:02.064224,29.701641494601567,81.62607896200753
2025-06-18T04:46:02.064224,38.38076044278342,94.45131578068292
2025-06-17T04:48:02.064224,35.51119281710935,63.34756452776009
2025-06-19T20:08:02.064224,40.546399833992616,83.17741814560374
2025-06-09T10:27:02.064224,28.024167990633728,58.89928851735274
2025-06-13T11:13:02.064224,32.01627083945159,69.83070431109918
2025-06-09T18:13:02.064224,20.76922464780572,49.75730790024075
2025-06-09T05:03:02.064224,20.254722311905624,74.33953478372563
2025-06-11T03:20:02.064224,35.61968677218295,60.766958277390366
2025-06-10T18:31:02.064224,22.47363672759693,46.0016980079101
2025-06-12T14:00:02.064224,32.93158494088349,70.70044250523068
2025-06-11T09:28:02.064224,33.86645668099756,77.18012155967169
2025-06-08T16:50:02.064224,20.41764530043828,54.75624796870995
2025-06-14T23:51:02.064224,33.655140140241635,88.08744119042315
2025-06-10T05:20:02.064224,21.62314135829022,49.55839868276847
2025-06-13T22:31:02.064224,28.881219713818428,61.67811276896064
2025-06-15T20:57:02.064224,33.91116054206195,72.18708259700028
2025-06-15T07:22:02.064224,33.393687135237215,76.85993608589195
2025-06-08T22:59:02.064224,25.56794156047659,60.78425442913892
2025-06-18T10:47:02.064224,35.69981651003144,88.00339912047971
2025-06-18T13:40:02.064224,38.2204869886696,84.20123781797001
2025-06-11T17:44:02.064224,35.166575054932224,53.40466056613519
2025-06-18T20:01:02.064224,36.42717140414274,93.89780004844444
2025-06-14T10:44:02.064224,31.459634280480092,51.69329203778457
2025-06-16T08:13:02.064224,33.817607555755124,65.95964717258809
2025-06-13T12:28:02.064224,32.51178305563653,42.21683826922209
2025-06-14T22:35:02.064224,37.22524956674695,60.42893985010006
2025-06-07T09:49:02.064224,23.2204356820276,60.45204292820736
2025-06-12T00:10:02.064224,30.473672780142493,73.62864005722747
2025-06-13T08:29:02.064224,33.59972938425357,79.984016231913
